"1st layer","2nd layer","3rd layer","4th layer","MSE","User Time","CPU Time"
4,4,4,4,0.976338965324693,0.00999999999999998,0
4,4,4,5,0.965404159229198,0.02,0
4,4,4,6,0.997024775992379,0.02,0
4,4,4,7,0.961967205318868,0.02,0
4,4,4,8,0.962796745072618,0.02,0
4,4,4,9,0.977976620523307,0.00999999999999998,0
4,4,4,10,0.968894966720453,0.00999999999999998,0
4,4,5,4,0.968815989314141,0.00999999999999998,0
4,4,5,5,0.973329581374351,0,0.01
4,4,5,6,0.969332530990362,0.02,0
4,4,5,7,0.979882709591802,0.00999999999999998,0
4,4,5,8,0.967455652235754,0.02,0
4,4,5,9,0.965899042744211,0.02,0
4,4,5,10,0.970110420260843,0.02,0
4,4,6,4,0.968731947143622,0,0
4,4,6,5,0.969093732096386,0.02,0
4,4,6,6,0.968358265639221,0.02,0
4,4,6,7,0.964406495696269,0.02,0
4,4,6,8,0.966550041602781,0.01,0
4,4,6,9,0.971277178703061,0.00999999999999995,0
4,4,6,10,0.965767445747129,0.01,0
4,4,7,4,0.972650560038084,0.02,0
4,4,7,5,0.970134156800639,0.02,0
4,4,7,6,0.974165953497319,0.02,0
4,4,7,7,0.970567484053584,0.01,0
4,4,7,8,0.967763587059927,0.02,0
4,4,7,9,0.958459376264834,0.02,0
4,4,7,10,0.989558349716823,0,0
4,4,8,4,0.971043986485075,0,0
4,4,8,5,0.938456541194949,0,0
4,4,8,6,0.957648368200608,0,0
4,4,8,7,0.970714862827839,0,0
4,4,8,8,1.0059101582697,0.00999999999999995,0
4,4,8,9,1.00016131819723,0.01,0
4,4,8,10,0.976614440101207,0.01,0
4,4,9,4,0.987195715668179,0.01,0
4,4,9,5,0.969329871070087,0.02,0
4,4,9,6,0.970773508019009,0.02,0
4,4,9,7,0.954492798387913,0.01,0
4,4,9,8,0.957979849601192,0.01,0
4,4,9,9,0.979611865715669,0,0
4,4,9,10,0.982470260787846,0,0
4,4,10,4,0.971180439414631,0,0
4,4,10,5,0.963185033592391,0,0
4,4,10,6,0.954669283652936,0,0
4,4,10,7,0.947871304841856,0.02,0
4,4,10,8,0.978276330843869,0,0
4,4,10,9,0.975241005338402,0.01,0
4,4,10,10,0.952221026481532,0.02,0
4,5,4,4,0.897428959164848,0,0
4,5,4,5,0.965719299618809,0,0
4,5,4,6,0.951811182657268,0,0
4,5,4,7,0.950340054828269,0,0
4,5,4,8,0.964838578800056,0,0
4,5,4,9,0.967276338202998,0,0
4,5,4,10,0.880685918389138,0,0
4,5,5,4,0.968517717371015,0,0
4,5,5,5,0.934345497220088,0,0
4,5,5,6,0.964444994570703,0.02,0
4,5,5,7,0.973911598514841,0.01,0
4,5,5,8,0.962091758142146,0.02,0
4,5,5,9,0.993507245305868,0.0099999999999999,0
4,5,5,10,0.864911118732129,0.02,0
4,5,6,4,0.983449279569906,0.02,0
4,5,6,5,0.95549047019544,0,0
4,5,6,6,0.994471479395752,0,0
4,5,6,7,0.970652596718547,0.0099999999999999,0
4,5,6,8,1.00086137316597,0.01,0
4,5,6,9,0.956865623182521,0.02,0
4,5,6,10,0.966341467491601,0.02,0
4,5,7,4,0.968935828957153,0.02,0
4,5,7,5,0.97080347708456,0.02,0
4,5,7,6,0.983980675302419,0.02,0
4,5,7,7,0.968002363782822,0,0
4,5,7,8,0.974481446725797,0.04,0
4,5,7,9,0.949012764125353,0.02,0
4,5,7,10,0.974676662857826,0.01,0
4,5,8,4,0.971682383965327,0.02,0
4,5,8,5,0.981679494187158,0.02,0
4,5,8,6,0.96634567261144,0.01,0
4,5,8,7,1.0514778280562,0.01,0
4,5,8,8,1.05752778964602,0.0199999999999999,0
4,5,8,9,1.01002311978457,0.02,0
4,5,8,10,1.01321801608686,0.01,0
4,5,9,4,0.974791043407724,0.01,0
4,5,9,5,0.966323145849239,0.02,0
4,5,9,6,1.039405036864,0.02,0
4,5,9,7,0.969941649697242,0.0199999999999999,0
4,5,9,8,0.959917246688656,0.0199999999999999,0
4,5,9,9,1.06138987629636,0.02,0
4,5,9,10,1.03956331207969,0,0
4,5,10,4,0.969120241752975,0,0
4,5,10,5,1.01233796152993,0.02,0
4,5,10,6,0.962082233803285,0.01,0
4,5,10,7,1.00101514014796,0.01,0
4,5,10,8,0.992930613271326,0.01,0
4,5,10,9,1.042428823504,0.01,0
4,5,10,10,0.978726001302808,0.02,0
4,6,4,4,0.964425519656769,0.01,0
4,6,4,5,0.968051930091527,0,0
4,6,4,6,0.997375531471328,0,0
4,6,4,7,0.967582192527408,0,0
4,6,4,8,0.950713516956216,0.02,0
4,6,4,9,0.93144789127373,0.0099999999999999,0
4,6,4,10,0.965890350102027,0.01,0
4,6,5,4,0.975219899757405,0.02,0
4,6,5,5,0.961683685350454,0.02,0
4,6,5,6,0.969707195963412,0.02,0
4,6,5,7,0.973117659796066,0.0099999999999999,0
4,6,5,8,0.959986069047639,0,0
4,6,5,9,0.966452293309913,0,0
4,6,5,10,0.96426627914605,0.02,0
4,6,6,4,0.965056391759203,0.02,0
4,6,6,5,0.969900287831371,0,0
4,6,6,6,0.953719118158075,0,0
4,6,6,7,0.963916491699868,0,0
4,6,6,8,0.98579595830858,0.02,0
4,6,6,9,0.989312851386693,0.02,0
4,6,6,10,1.07751800373133,0.02,0
4,6,7,4,0.966609240033582,0,0
4,6,7,5,0.979824361096984,0.02,0
4,6,7,6,0.968691499147847,0.02,0
4,6,7,7,0.997472822039821,0.01,0
4,6,7,8,0.963383168855453,0.02,0
4,6,7,9,0.970680415659943,0.02,0
4,6,7,10,0.945987812995202,0.01,0
4,6,8,4,0.968605470545258,0,0
4,6,8,5,0.968248844731706,0.02,0
4,6,8,6,0.996080184838426,0.01,0
4,6,8,7,0.984760213309735,0.01,0
4,6,8,8,1.00678588827231,0,0
4,6,8,9,1.14494307049746,0,0
4,6,8,10,0.966691514074985,0.01,0
4,6,9,4,0.993525132046534,0.01,0
4,6,9,5,1.01745343707353,0.01,0
4,6,9,6,0.968982992116119,0.01,0
4,6,9,7,0.978826283590393,0.02,0
4,6,9,8,0.979185762350108,0.0199999999999999,0
4,6,9,9,0.975335638410543,0.01,0
4,6,9,10,0.874842678134036,0.01,0
4,6,10,4,0.963074538932737,0.01,0
4,6,10,5,0.974101227669336,0.01,0
4,6,10,6,0.917901596523008,0,0
4,6,10,7,0.957965804498324,0.02,0
4,6,10,8,0.952724364483474,0.01,0
4,6,10,9,0.930129900269228,0.02,0
4,6,10,10,0.908743105160289,0,0
4,7,4,4,0.953631770376683,0.02,0
4,7,4,5,0.982607143787573,0.01,0
4,7,4,6,0.96901405994051,0.02,0
4,7,4,7,0.948504989288338,0.02,0
4,7,4,8,0.971338613130443,0.02,0
4,7,4,9,0.964191905953219,0.02,0
4,7,4,10,0.973726835391772,0,0
4,7,5,4,0.969465695929788,0.02,0
4,7,5,5,0.983218038205733,0,0
4,7,5,6,0.968215006917299,0.02,0
4,7,5,7,0.962301531980562,0,0
4,7,5,8,0.960404014472843,0.02,0
4,7,5,9,0.946952699384314,0.01,0
4,7,5,10,0.921907213136745,0,0
4,7,6,4,0.968029371996986,0,0
4,7,6,5,0.978961689247995,0.02,0
4,7,6,6,0.968232947292833,0.02,0
4,7,6,7,0.970673248674064,0.02,0
4,7,6,8,0.982540562624718,0.02,0
4,7,6,9,0.983523527439319,0,0
4,7,6,10,0.967207531648872,0,0
4,7,7,4,0.967455201044022,0,0
4,7,7,5,0.964130848704496,0,0
4,7,7,6,0.974516802165887,0,0
4,7,7,7,0.970890551250377,0,0
4,7,7,8,0.947430250056951,0,0
4,7,7,9,1.02717637663216,0.02,0
4,7,7,10,0.941462649737942,0.01,0
4,7,8,4,0.941607515030329,0.01,0
4,7,8,5,0.949230307827158,0.01,0
4,7,8,6,0.957466905425723,0.0199999999999998,0
4,7,8,7,1.00551023855456,0,0
4,7,8,8,0.952384245731698,0.02,0
4,7,8,9,0.832993494904479,0,0
4,7,8,10,0.892896365637641,0,0
4,7,9,4,0.976656343558479,0,0
4,7,9,5,0.968801058002256,0,0
4,7,9,6,0.96613521685746,0.01,0
4,7,9,7,0.955947852148167,0.01,0
4,7,9,8,0.96239437059333,0.02,0
4,7,9,9,0.971668877479799,0.02,0
4,7,9,10,0.981167913358804,0.01,0
4,7,10,4,0.968313035087903,0.02,0
4,7,10,5,0.941303734068948,0.01,0
4,7,10,6,1.04536644098225,0.02,0
4,7,10,7,0.972439095212076,0.01,0
4,7,10,8,0.981646846497795,0.01,0
4,7,10,9,0.948097878604279,0.01,0
4,7,10,10,0.989827950855302,0.02,0
4,8,4,4,0.965974133484359,0.02,0
4,8,4,5,0.939353315168865,0.02,0
4,8,4,6,0.963921198784619,0.02,0
4,8,4,7,0.965641403033266,0.01,0
4,8,4,8,0.965938332840661,0.01,0
4,8,4,9,0.964599687964051,0.02,0
4,8,4,10,0.96766205368751,0.01,0
4,8,5,4,0.965567367683034,0.01,0
4,8,5,5,0.940695230833493,0.01,0
4,8,5,6,0.971498651024256,0.01,0
4,8,5,7,0.966636531729529,0,0
4,8,5,8,0.963613496972167,0.02,0
4,8,5,9,0.987651977338578,0.02,0
4,8,5,10,0.987005852237713,0.02,0
4,8,6,4,0.966898170764877,0.0199999999999998,0
4,8,6,5,0.971883504690013,0.01,0
4,8,6,6,0.986457302869467,0,0
4,8,6,7,0.916468676579428,0.0199999999999998,0
4,8,6,8,0.985410552541199,0.02,0
4,8,6,9,0.97663257449063,0.0199999999999998,0
4,8,6,10,0.922455351440052,0.0199999999999998,0
4,8,7,4,0.943491000006868,0,0
4,8,7,5,0.941308750281398,0.02,0
4,8,7,6,0.967856465306294,0.01,0
4,8,7,7,0.963830179008534,0.02,0
4,8,7,8,0.933545801426919,0.01,0
4,8,7,9,0.965383185436725,0.0199999999999998,0
4,8,7,10,1.01142783393251,0,0
4,8,8,4,0.962150259411467,0,0
4,8,8,5,0.970730612588688,0.02,0
4,8,8,6,0.961151398473757,0.02,0
4,8,8,7,0.965478506346209,0.02,0
4,8,8,8,0.944308292106795,0.02,0
4,8,8,9,0.958678345348847,0.01,0
4,8,8,10,0.92860398839536,0.01,0
4,8,9,4,0.963848256795101,0.02,0
4,8,9,5,0.932314766263858,0.01,0
4,8,9,6,0.976158600291552,0.02,0
4,8,9,7,0.967559395741263,0,0
4,8,9,8,0.970059146822654,0,0
4,8,9,9,0.978615822394624,0.01,0
4,8,9,10,0.96793020050273,0,0
4,8,10,4,0.965353070054878,0.01,0
4,8,10,5,0.911078894457257,0,0
4,8,10,6,0.985178268075522,0,0
4,8,10,7,0.981893531673874,0,0
4,8,10,8,0.94222371071836,0.01,0
4,8,10,9,0.858159418693037,0.01,0
4,8,10,10,0.963099831070445,0.02,0
4,9,4,4,0.9788827923897,0,0
4,9,4,5,0.974059200311521,0,0
4,9,4,6,0.988074652933931,0.01,0
4,9,4,7,0.969695677981543,0.01,0
4,9,4,8,0.96931813497761,0.02,0
4,9,4,9,0.967675219256848,0,0
4,9,4,10,1.01748287720876,0,0
4,9,5,4,0.968851302980594,0,0
4,9,5,5,0.966256578947264,0.0199999999999998,0
4,9,5,6,0.953984414420585,0,0
4,9,5,7,0.980377684090332,0.02,0
4,9,5,8,0.971504164457774,0.01,0
4,9,5,9,0.965574005322413,0,0
4,9,5,10,0.964743343709462,0,0
4,9,6,4,0.923976243649763,0.0199999999999998,0
4,9,6,5,0.935962762446945,0.02,0
4,9,6,6,0.960924693274926,0.02,0
4,9,6,7,0.962273656816621,0,0
4,9,6,8,0.993205711209022,0.01,0
4,9,6,9,0.918078417170044,0,0
4,9,6,10,0.998141529055692,0.02,0
4,9,7,4,0.975068195918317,0.01,0
4,9,7,5,0.943360349221392,0.02,0
4,9,7,6,0.967813973411575,0,0
4,9,7,7,0.885397430810251,0.01,0
4,9,7,8,0.967718628988808,0.02,0
4,9,7,9,0.950083849455043,0.02,0
4,9,7,10,0.972893196760434,0,0
4,9,8,4,0.958865420497406,0,0
4,9,8,5,0.9631528715177,0.01,0
4,9,8,6,0.942967790189248,0.01,0
4,9,8,7,0.907142506571505,0.02,0
4,9,8,8,0.92185127916273,0.02,0
4,9,8,9,1.00708872686166,0.01,0
4,9,8,10,0.989093043156746,0.02,0
4,9,9,4,0.977943815676862,0.02,0
4,9,9,5,0.988247335069166,0,0
4,9,9,6,0.969258592780012,0.01,0
4,9,9,7,0.978111970934699,0.02,0
4,9,9,8,0.887262469011899,0.02,0
4,9,9,9,0.994374266846783,0,0
4,9,9,10,0.978291867519172,0.02,0
4,9,10,4,0.967717256262808,0.01,0
4,9,10,5,0.972614453550802,0.02,0
4,9,10,6,1.00265873392213,0.02,0
4,9,10,7,0.983858825296821,0.01,0
4,9,10,8,1.02029215742174,0,0
4,9,10,9,0.967702445441484,0.01,0
4,9,10,10,1.02761847213677,0.01,0
4,10,4,4,0.96946968011911,0,0
4,10,4,5,0.955626622698622,0.02,0
4,10,4,6,0.968230589075419,0,0
4,10,4,7,0.955262329841004,0.02,0
4,10,4,8,0.947163623706688,0,0
4,10,4,9,0.979082276748793,0.02,0
4,10,4,10,0.952130835791302,0.01,0
4,10,5,4,0.966221817608291,0,0
4,10,5,5,0.975366012752619,0,0
4,10,5,6,0.97532692572118,0,0
4,10,5,7,0.947053977194038,0,0
4,10,5,8,0.950406059472313,0.02,0
4,10,5,9,0.954369958412583,0.02,0
4,10,5,10,0.956639040055585,0.0199999999999998,0
4,10,6,4,0.968927467262665,0.02,0
4,10,6,5,0.974952526880656,0,0
4,10,6,6,0.965025703689867,0,0
4,10,6,7,0.935395563070394,0.01,0
4,10,6,8,0.953326138698227,0.01,0
4,10,6,9,0.950029997693697,0,0
4,10,6,10,0.96754700748401,0.01,0
4,10,7,4,0.969064437475115,0,0
4,10,7,5,0.917589116431588,0,0
4,10,7,6,0.958759150473616,0.01,0
4,10,7,7,0.983777939093275,0,0
4,10,7,8,0.968791062796261,0.01,0
4,10,7,9,0.943429355216261,0.02,0
4,10,7,10,0.969999223953495,0.01,0
4,10,8,4,0.940448798133728,0.01,0
4,10,8,5,0.969926215735698,0.02,0
4,10,8,6,0.940098180917483,0,0
4,10,8,7,0.930201957449973,0.01,0
4,10,8,8,0.993092355887205,0,0
4,10,8,9,0.912518870108049,0.0100000000000002,0
4,10,8,10,0.980155869264222,0,0
4,10,9,4,0.957819734346477,0,0
4,10,9,5,0.938509350790731,0.02,0
4,10,9,6,0.971607345577129,0.0100000000000002,0
4,10,9,7,0.952858775721562,0.02,0
4,10,9,8,0.911371755316518,0.02,0
4,10,9,9,0.920531649653764,0.02,0
4,10,9,10,1.12119561750784,0,0
4,10,10,4,0.96916909896831,0.02,0
4,10,10,5,0.937105162347427,0.02,0
4,10,10,6,0.9528363158167,0,0
4,10,10,7,1.02794447256472,0.0100000000000002,0
4,10,10,8,0.904832161656796,0.00999999999999979,0
4,10,10,9,0.958873152495916,0,0
4,10,10,10,0.939098925407821,0.0100000000000002,0
5,4,4,4,0.965169581177525,0.02,0
5,4,4,5,0.982087242962412,0.00999999999999979,0
5,4,4,6,0.950245626426384,0.02,0
5,4,4,7,0.970481223171463,0,0
5,4,4,8,0.967052827693639,0.02,0
5,4,4,9,0.971101412226609,0.02,0
5,4,4,10,0.95688768374437,0,0
5,4,5,4,0.969522278973383,0.02,0
5,4,5,5,0.982682118017005,0.02,0
5,4,5,6,0.971711766561652,0,0
5,4,5,7,1.03843535952671,0.00999999999999979,0
5,4,5,8,0.909171001558741,0,0
5,4,5,9,1.04066173032714,0,0
5,4,5,10,0.98444010996789,0,0
5,4,6,4,0.964260973968258,0.0100000000000002,0
5,4,6,5,0.964417625835834,0.00999999999999979,0
5,4,6,6,1.03611005085949,0,0
5,4,6,7,0.987069127403781,0,0
5,4,6,8,0.938427791225456,0,0
5,4,6,9,0.934861053635924,0.02,0
5,4,6,10,0.869494670757975,0,0
5,4,7,4,0.92809555856161,0.00999999999999979,0
5,4,7,5,0.899323572616226,0.00999999999999979,0
5,4,7,6,0.959321314943326,0,0
5,4,7,7,0.96154517635692,0,0
5,4,7,8,0.977587503282775,0.02,0
5,4,7,9,0.920465008208922,0.00999999999999979,0
5,4,7,10,0.986239200415511,0.02,0
5,4,8,4,0.969615885209104,0,0
5,4,8,5,0.973692762369009,0,0
5,4,8,6,0.95732561030227,0.00999999999999979,0
5,4,8,7,0.917927957904125,0.02,0
5,4,8,8,0.955795760446984,0.02,0
5,4,8,9,0.944251013411853,0.00999999999999979,0
5,4,8,10,0.910076833015604,0.0100000000000002,0
5,4,9,4,0.971400008504228,0,0
5,4,9,5,0.973729001832663,0.02,0
5,4,9,6,0.977289087748155,0.02,0
5,4,9,7,0.91947707195243,0.0100000000000002,0
5,4,9,8,0.994399605963199,0.02,0
5,4,9,9,1.13027120953694,0,0
5,4,9,10,0.967218100237315,0.00999999999999979,0
5,4,10,4,0.965783402637529,0.0100000000000002,0
5,4,10,5,0.943914353132987,0.02,0
5,4,10,6,0.974050169033857,0.02,0
5,4,10,7,0.96281685516547,0.0100000000000002,0
5,4,10,8,0.979224175908281,0,0
5,4,10,9,0.865123232402943,0,0
5,4,10,10,0.950658984660953,0.02,0
5,5,4,4,0.970238231365101,0,0
5,5,4,5,0.966205791046209,0.00999999999999979,0
5,5,4,6,0.978012327058317,0.02,0
5,5,4,7,0.976186294384869,0.02,0
5,5,4,8,0.982436385494361,0.0100000000000002,0
5,5,4,9,0.958917977388729,0,0
5,5,4,10,0.958295126484419,0.02,0
5,5,5,4,0.969419764345854,0.02,0
5,5,5,5,0.962701849605422,0.02,0
5,5,5,6,0.947733602832622,0,0
5,5,5,7,0.966193671125193,0,0
5,5,5,8,0.962424461148055,0.00999999999999979,0
5,5,5,9,0.956987059321853,0.00999999999999979,0
5,5,5,10,0.964190384566608,0.0100000000000002,0
5,5,6,4,1.02242002981947,0,0
5,5,6,5,0.962642368852325,0.02,0
5,5,6,6,0.97197719612634,0,0
5,5,6,7,0.967016289740521,0.02,0
5,5,6,8,0.954736461835283,0.00999999999999979,0
5,5,6,9,0.891997382524213,0.02,0
5,5,6,10,0.970916664649323,0.02,0
5,5,7,4,0.966121316658441,0.00999999999999979,0
5,5,7,5,0.92785029492459,0,0
5,5,7,6,0.966637597559329,0.02,0
5,5,7,7,0.920245464933131,0.02,0
5,5,7,8,0.941661049742804,0.02,0
5,5,7,9,0.954818722246017,0,0
5,5,7,10,0.900161260451148,0.00999999999999979,0
5,5,8,4,0.985660051175526,0,0
5,5,8,5,0.915065057157881,0.00999999999999979,0
5,5,8,6,0.952623930665011,0,0
5,5,8,7,0.971403197660151,0.00999999999999979,0
5,5,8,8,0.963578915939219,0.02,0
5,5,8,9,0.8788347577296,0.00999999999999979,0
5,5,8,10,0.963208312991713,0,0
5,5,9,4,0.947370975765004,0.02,0
5,5,9,5,1.09122329744729,0.02,0
5,5,9,6,0.951153890822793,0,0
5,5,9,7,0.971429643366865,0,0
5,5,9,8,0.984878933834158,0,0
5,5,9,9,0.930383233019743,0,0
5,5,9,10,0.967615553809821,0,0
5,5,10,4,0.936737760689424,0.02,0
5,5,10,5,0.937740573878873,0.00999999999999979,0
5,5,10,6,0.93014025930825,0.02,0
5,5,10,7,0.85817898896048,0,0
5,5,10,8,0.904530623856366,0,0
5,5,10,9,0.94671161323454,0.02,0
5,5,10,10,1.01866780016916,0.02,0
5,6,4,4,0.967214806700088,0,0
5,6,4,5,0.968397950822334,0,0
5,6,4,6,0.965146916683713,0,0
5,6,4,7,0.964511920261394,0,0
5,6,4,8,0.968400773409248,0.02,0
5,6,4,9,0.964087439281306,0.02,0
5,6,4,10,0.990282661528339,0.00999999999999979,0
5,6,5,4,0.969107112099081,0.0100000000000002,0
5,6,5,5,0.966859541777058,0,0
5,6,5,6,0.977965687487096,0.0100000000000002,0
5,6,5,7,0.984630049274103,0.00999999999999979,0
5,6,5,8,0.979357690903891,0.0100000000000002,0
5,6,5,9,0.996063574352733,0.00999999999999979,0
5,6,5,10,0.978243522135076,0,0
5,6,6,4,0.97085265408914,0,0
5,6,6,5,0.960704034717175,0,0
5,6,6,6,1.02055383099368,0.00999999999999979,0
5,6,6,7,0.995958074900653,0.02,0
5,6,6,8,0.919486902990361,0.02,0
5,6,6,9,1.00163839859236,0,0
5,6,6,10,0.993302799512345,0,0
5,6,7,4,1.00833905285955,0.00999999999999979,0
5,6,7,5,1.00527023785988,0.02,0
5,6,7,6,0.800305944826163,0.02,0
5,6,7,7,0.977686831247933,0,0
5,6,7,8,0.955729063965461,0,0
5,6,7,9,0.874525629168029,0,0
5,6,7,10,0.986013223462995,0,0
5,6,8,4,0.93485867661774,0.02,0
5,6,8,5,0.883978435602257,0.00999999999999979,0
5,6,8,6,0.888759591170182,0.0100000000000002,0
5,6,8,7,0.966105789227229,0,0
5,6,8,8,0.972368876894641,0.02,0
5,6,8,9,1.07029416049537,0.02,0
5,6,8,10,1.0070908264098,0.02,0
5,6,9,4,0.997695868834466,0,0
5,6,9,5,0.96234876339263,0,0
5,6,9,6,0.98300047380058,0,0
5,6,9,7,0.96434338036748,0,0
5,6,9,8,0.960797046529027,0.02,0
5,6,9,9,0.978263585983963,0.00999999999999979,0
5,6,9,10,0.976014662761323,0.0100000000000002,0
5,6,10,4,0.967185254511863,0,0
5,6,10,5,0.805705468937276,0.02,0
5,6,10,6,0.903246488732423,0.02,0
5,6,10,7,0.981117823365442,0.0100000000000002,0
5,6,10,8,0.955681654529277,0.02,0
5,6,10,9,0.777989513126127,0.02,0
5,6,10,10,0.833061877300692,0,0
5,7,4,4,0.945437032187331,0,0
5,7,4,5,0.979979131005441,0,0
5,7,4,6,0.968057352277242,0.02,0
5,7,4,7,0.962698320524598,0.02,0
5,7,4,8,0.995085723516039,0.02,0
5,7,4,9,0.966169626530519,0.00999999999999979,0
5,7,4,10,1.00658379070061,0.02,0
5,7,5,4,0.966950147780183,0.0100000000000002,0
5,7,5,5,0.971429781867454,0.02,0
5,7,5,6,0.970843687963459,0,0
5,7,5,7,0.972229224648766,0,0
5,7,5,8,0.999546945662876,0.02,0
5,7,5,9,0.973154589559174,0.02,0
5,7,5,10,0.968737667880841,0,0
5,7,6,4,0.966892839749688,0.02,0
5,7,6,5,0.967288083637346,0.02,0
5,7,6,6,0.878359473443706,0,0
5,7,6,7,0.978214997767814,0,0
5,7,6,8,1.02872667256679,0.02,0
5,7,6,9,0.971563965811104,0.02,0
5,7,6,10,0.979948209531714,0,0
5,7,7,4,0.965130881530593,0,0
5,7,7,5,0.972683418337888,0.00999999999999979,0
5,7,7,6,0.967086129028957,0.00999999999999979,0
5,7,7,7,0.980003433280523,0,0
5,7,7,8,0.991851407240023,0.0100000000000002,0
5,7,7,9,0.936006246029827,0.0100000000000002,0
5,7,7,10,0.951912072653399,0,0
5,7,8,4,0.96268716729802,0,0
5,7,8,5,0.982228417561483,0,0
5,7,8,6,1.01173028344284,0.02,0
5,7,8,7,0.974824330722328,0.0100000000000002,0
5,7,8,8,0.97692692930205,0,0
5,7,8,9,0.980514514628655,0,0
5,7,8,10,0.979892289971271,0.00999999999999979,0
5,7,9,4,0.969447283704239,0,0
5,7,9,5,0.909734539251179,0.0100000000000002,0
5,7,9,6,1.02002226159332,0.0100000000000002,0
5,7,9,7,0.970404284674035,0.00999999999999979,0
5,7,9,8,1.01295653320354,0,0
5,7,9,9,1.00920763084556,0.02,0
5,7,9,10,0.961664629345477,0.0100000000000002,0
5,7,10,4,1.08234809453976,0.0100000000000002,0
5,7,10,5,0.96399293997941,0,0
5,7,10,6,0.968411544244715,0.02,0
5,7,10,7,0.967578881709877,0.02,0
5,7,10,8,1.00953378267198,0.02,0
5,7,10,9,0.789645693631457,0,0
5,7,10,10,0.894888533404613,0.02,0
5,8,4,4,0.960581623234983,0,0
5,8,4,5,0.954153501243712,0.0100000000000002,0
5,8,4,6,0.970709052717932,0.0100000000000002,0
5,8,4,7,0.965651344012397,0.02,0
5,8,4,8,1.1388625691298,0.02,0
5,8,4,9,0.906080353234776,0,0
5,8,4,10,0.827287600358584,0,0
5,8,5,4,0.970264275849076,0,0
5,8,5,5,0.97047293348053,0.02,0
5,8,5,6,1.02527583634329,0,0
5,8,5,7,1.0597414106094,0.02,0
5,8,5,8,0.972565635255696,0.02,0
5,8,5,9,0.989047474152494,0.02,0
5,8,5,10,1.08075877025957,0.02,0
5,8,6,4,1.05187152513902,0,0
5,8,6,5,0.992369310796436,0.02,0
5,8,6,6,0.971440620495184,0.02,0
5,8,6,7,0.971328721369463,0,0
5,8,6,8,1.01120403254933,0,0
5,8,6,9,0.981987448828055,0.02,0
5,8,6,10,0.958212406780119,0.02,0
5,8,7,4,0.963003809255885,0.0100000000000002,0
5,8,7,5,0.976407266236155,0.00999999999999979,0
5,8,7,6,0.972274818800211,0.02,0
5,8,7,7,0.940054025642919,0,0
5,8,7,8,0.987776851580172,0.02,0
5,8,7,9,0.984687622882368,0.02,0
5,8,7,10,0.889312382364774,0.02,0
5,8,8,4,0.9686890979861,0,0
5,8,8,5,0.986755799174496,0.0100000000000002,0
5,8,8,6,0.957785710195123,0.0100000000000002,0
5,8,8,7,0.969023095436998,0.02,0
5,8,8,8,1.01710519665535,0,0
5,8,8,9,1.05894996072517,0.00999999999999979,0
5,8,8,10,1.16961675571558,0.02,0
5,8,9,4,0.971574797587794,0.0100000000000002,0
5,8,9,5,0.930016097113486,0.0100000000000002,0
5,8,9,6,0.919086452948464,0,0
5,8,9,7,0.999133032234399,0,0
5,8,9,8,1.04936935304722,0,0
5,8,9,9,0.844431257968797,0.02,0
5,8,9,10,0.934180325781016,0.0100000000000002,0
5,8,10,4,0.97952720595095,0.00999999999999979,0
5,8,10,5,0.971602943617907,0,0
5,8,10,6,0.911803794073686,0.02,0
5,8,10,7,0.958666113012272,0.0100000000000002,0
5,8,10,8,0.905638099920486,0.02,0
5,8,10,9,0.957130914677409,0.02,0
5,8,10,10,1.00859476290678,0.02,0
5,9,4,4,0.960683989735138,0,0
5,9,4,5,0.962407700026061,0,0
5,9,4,6,0.963291140708479,0,0
5,9,4,7,1.02245270585863,0.02,0
5,9,4,8,0.891181567151068,0.02,0
5,9,4,9,0.946579467077459,0,0
5,9,4,10,0.933401935710758,0.02,0
5,9,5,4,0.922582095751372,0.02,0
5,9,5,5,0.898344497294775,0,0
5,9,5,6,0.949440920499788,0,0
5,9,5,7,0.949508161040501,0,0
5,9,5,8,0.948319264022556,0,0
5,9,5,9,0.837729471609606,0.00999999999999979,0
5,9,5,10,0.811492187115231,0.00999999999999979,0
5,9,6,4,0.987162477910953,0.0100000000000002,0
5,9,6,5,0.947652840274101,0.02,0
5,9,6,6,0.908652044710001,0.02,0
5,9,6,7,0.887798576170381,0.00999999999999979,0
5,9,6,8,0.90380519687138,0,0
5,9,6,9,0.880887407801009,0.02,0
5,9,6,10,0.981340276167763,0,0
5,9,7,4,0.971909517231296,0.02,0
5,9,7,5,0.947469828214382,0,0
5,9,7,6,0.963566578708491,0,0
5,9,7,7,0.962119558017275,0.00999999999999979,0
5,9,7,8,0.879600478534535,0.0100000000000002,0
5,9,7,9,0.97856067928494,0.0100000000000002,0
5,9,7,10,0.973892453550968,0.02,0
5,9,8,4,0.961271503918383,0.00999999999999979,0
5,9,8,5,0.920925303749006,0,0
5,9,8,6,0.959919090934053,0.02,0
5,9,8,7,0.971473977048274,0,0
5,9,8,8,1.01809075378244,0.02,0
5,9,8,9,0.961576998686238,0.02,0
5,9,8,10,0.856016736676045,0.02,0
5,9,9,4,0.963654267790487,0.02,0
5,9,9,5,0.971360221787894,0.02,0
5,9,9,6,0.834656783497293,0.0100000000000002,0
5,9,9,7,0.959882028938203,0.02,0
5,9,9,8,0.967794702317021,0.02,0
5,9,9,9,1.01167233071994,0.02,0
5,9,9,10,0.931704133740121,0.00999999999999979,0
5,9,10,4,0.950893622487311,0.02,0
5,9,10,5,0.920429814993882,0.0100000000000002,0
5,9,10,6,0.931072957361486,0.02,0
5,9,10,7,0.911749032807268,0,0
5,9,10,8,0.877612887436771,0.02,0
5,9,10,9,0.900246814657807,0.02,0
5,9,10,10,0.930542510963405,0.02,0
5,10,4,4,0.964065050476175,0,0
5,10,4,5,1.04713877970168,0.02,0
5,10,4,6,0.98194992699803,0.02,0
5,10,4,7,0.992759977480044,0.00999999999999979,0
5,10,4,8,0.977225523907283,0.02,0
5,10,4,9,1.03406644323706,0.02,0
5,10,4,10,0.981054698860842,0.00999999999999979,0
5,10,5,4,0.969181735237355,0.00999999999999979,0
5,10,5,5,1.05224425573763,0,0
5,10,5,6,1.0060384243111,0.00999999999999979,0
5,10,5,7,1.00726167825943,0.02,0
5,10,5,8,0.839021130446319,0.00999999999999979,0
5,10,5,9,0.967261117730363,0.00999999999999979,0
5,10,5,10,1.10036387292539,0.0100000000000002,0
5,10,6,4,0.965233088552962,0.02,0
5,10,6,5,1.1380846451546,0,0
5,10,6,6,0.963723205550491,0.02,0
5,10,6,7,1.01973434909574,0.00999999999999979,0
5,10,6,8,1.02247586862531,0.02,0
5,10,6,9,1.06135479514428,0,0
5,10,6,10,1.04049141548194,0.00999999999999979,0
5,10,7,4,0.96559841434655,0.0100000000000002,0
5,10,7,5,1.00545184259323,0.00999999999999979,0
5,10,7,6,0.965258560831631,0.0100000000000002,0
5,10,7,7,0.977434176284474,0,0
5,10,7,8,1.15837052546603,0,0
5,10,7,9,0.895944968864932,0.02,0
5,10,7,10,0.947179045424679,0.02,0
5,10,8,4,0.967960274704938,0.02,0
5,10,8,5,0.963716068816061,0.02,0
5,10,8,6,0.877628757175272,0,0
5,10,8,7,1.06985687283487,0.02,0
5,10,8,8,0.926189534507532,0.02,0
5,10,8,9,1.05428862380101,0,0
5,10,8,10,1.21816515186024,0.02,0
5,10,9,4,0.973462102607901,0.02,0
5,10,9,5,0.913754120845132,0,0
5,10,9,6,0.937477210610487,0,0
5,10,9,7,0.955831670433093,0,0
5,10,9,8,0.789203956935444,0.00999999999999979,0
5,10,9,9,1.06723947640571,0.0100000000000002,0
5,10,9,10,1.01675434506494,0.00999999999999979,0
5,10,10,4,0.96910399935033,0.02,0
5,10,10,5,0.996172178051803,0.02,0
5,10,10,6,0.957489182533332,0.0100000000000002,0
5,10,10,7,1.27025010744201,0,0
5,10,10,8,1.08291540558474,0.02,0
5,10,10,9,0.94994600234076,0.0100000000000002,0
5,10,10,10,0.826674627566127,0,0
6,4,4,4,0.968281832075134,0,0
6,4,4,5,0.937057359895332,0,0
6,4,4,6,0.976798887301509,0.02,0
6,4,4,7,0.965954809968456,0.0200000000000005,0
6,4,4,8,0.967974618159897,0.00999999999999979,0
6,4,4,9,0.946748594656702,0.00999999999999979,0
6,4,4,10,0.953616259569676,0,0
6,4,5,4,0.966638961481274,0,0
6,4,5,5,0.963893717377291,0.00999999999999979,0
6,4,5,6,0.966002440067498,0.02,0
6,4,5,7,0.970485579985782,0.00999999999999979,0
6,4,5,8,0.955594034069457,0.00999999999999979,0
6,4,5,9,0.961127121113132,0,0
6,4,5,10,0.918801376730989,0.0199999999999996,0
6,4,6,4,0.962310477321937,0.0199999999999996,0
6,4,6,5,0.961353892784693,0.0100000000000007,0
6,4,6,6,0.942029767008553,0.0100000000000007,0
6,4,6,7,0.957934299957487,0,0
6,4,6,8,0.940654856327501,0,0
6,4,6,9,0.937312368080816,0,0
6,4,6,10,0.919389594605321,0,0
6,4,7,4,0.970257959964548,0.00999999999999979,0
6,4,7,5,0.959679847647438,0.0100000000000007,0
6,4,7,6,0.965932400003256,0,0
6,4,7,7,0.958919545407765,0.0200000000000005,0
6,4,7,8,0.943058417388523,0.0100000000000007,0
6,4,7,9,0.956460619884947,0,0
6,4,7,10,0.988475879726982,0.0199999999999996,0
6,4,8,4,0.958337276307617,0.00999999999999979,0
6,4,8,5,0.967847367709673,0.0199999999999996,0
6,4,8,6,0.968265361648906,0.0200000000000005,0
6,4,8,7,1.00693085163134,0,0
6,4,8,8,0.961147226388648,0.0199999999999996,0
6,4,8,9,0.979219061817812,0.0199999999999996,0
6,4,8,10,0.982137349171583,0.0200000000000005,0
6,4,9,4,0.968652024159143,0.00999999999999979,0
6,4,9,5,0.970118931623665,0.0200000000000005,0
6,4,9,6,0.933481849048565,0,0
6,4,9,7,0.968212732679608,0.0200000000000005,0
6,4,9,8,0.966177542595709,0.0199999999999996,0
6,4,9,9,0.971456939164847,0,0
6,4,9,10,0.965958285460902,0,0
6,4,10,4,0.953826340759485,0,0
6,4,10,5,0.967545073571133,0,0.01
6,4,10,6,0.975273305095489,0.0200000000000005,0
6,4,10,7,1.07947320156405,0.00999999999999979,0
6,4,10,8,0.954909336722194,0.0199999999999996,0
6,4,10,9,0.965385776291124,0.00999999999999979,0
6,4,10,10,0.949098948146446,0,0
6,5,4,4,0.969645754614913,0.00999999999999979,0
6,5,4,5,0.977683525516957,0.0200000000000005,0
6,5,4,6,0.998917466763263,0.0199999999999996,0
6,5,4,7,0.965867741070891,0,0
6,5,4,8,0.972465223045899,0,0
6,5,4,9,0.997516058327186,0.00999999999999979,0
6,5,4,10,0.982501706241822,0.0199999999999996,0
6,5,5,4,0.986616288929577,0.00999999999999979,0
6,5,5,5,0.97229535137771,0,0
6,5,5,6,1.04266090600358,0.0100000000000007,0
6,5,5,7,0.970174505219611,0,0
6,5,5,8,0.968099044475101,0.00999999999999979,0
6,5,5,9,0.93069983960933,0,0
6,5,5,10,1.03841886888318,0.0199999999999996,0
6,5,6,4,0.97080977807555,0,0
6,5,6,5,0.964406464174665,0,0
6,5,6,6,0.983634874007041,0.00999999999999979,0
6,5,6,7,1.04432192805312,0.0199999999999996,0
6,5,6,8,0.95957435545553,0.0199999999999996,0
6,5,6,9,1.08874430521525,0.00999999999999979,0
6,5,6,10,0.962581919960864,0.0199999999999996,0
6,5,7,4,0.97324458403053,0.0200000000000005,0
6,5,7,5,0.95344726472762,0.0200000000000005,0
6,5,7,6,0.93757205311935,0.00999999999999979,0
6,5,7,7,0.961622505781399,0.0200000000000005,0
6,5,7,8,0.993235573383272,0,0
6,5,7,9,0.982930352313009,0,0
6,5,7,10,0.993625712965387,0,0
6,5,8,4,0.97858709232807,0,0
6,5,8,5,0.99638449405747,0.0199999999999996,0
6,5,8,6,0.971091982409801,0.0199999999999996,0
6,5,8,7,0.972557010847582,0.0200000000000005,0
6,5,8,8,1.0883091089757,0.00999999999999979,0
6,5,8,9,1.0640266765522,0.00999999999999979,0
6,5,8,10,0.972241509529761,0.0199999999999996,0
6,5,9,4,1.10631780117875,0,0
6,5,9,5,0.979957022022574,0,0
6,5,9,6,1.00892186642424,0,0
6,5,9,7,1.04558900345411,0.0200000000000005,0
6,5,9,8,0.934957748627236,0,0
6,5,9,9,0.977785758811286,0,0
6,5,9,10,0.973360957204676,0.0200000000000005,0
6,5,10,4,0.967551987139049,0.00999999999999979,0
6,5,10,5,0.952582314956455,0.0200000000000005,0
6,5,10,6,0.983745591841018,0.0199999999999996,0
6,5,10,7,0.961018619602827,0,0
6,5,10,8,0.987807461080304,0.0200000000000005,0
6,5,10,9,1.02063350273501,0.0199999999999996,0
6,5,10,10,1.03393579372438,0,0
6,6,4,4,0.96049266126645,0.0199999999999996,0
6,6,4,5,0.963621392487704,0,0
6,6,4,6,0.965480508665789,0,0
6,6,4,7,0.972655231823801,0.00999999999999979,0
6,6,4,8,0.961239656141015,0.0100000000000007,0
6,6,4,9,0.946746260050609,0.00999999999999979,0
6,6,4,10,0.950175197634242,0.0199999999999996,0
6,6,5,4,1.0222246926547,0,0
6,6,5,5,0.965856203033137,0.00999999999999979,0
6,6,5,6,0.976280641679746,0.0199999999999996,0
6,6,5,7,0.957719376915907,0,0
6,6,5,8,0.940685881338793,0,0
6,6,5,9,0.943056765412614,0.00999999999999979,0
6,6,5,10,0.972954222634105,0,0
6,6,6,4,0.97202078380092,0.00999999999999979,0
6,6,6,5,0.979954137117016,0,0
6,6,6,6,0.984973412772259,0.00999999999999979,0
6,6,6,7,1.12559853573718,0.0200000000000005,0
6,6,6,8,1.00291790114966,0.00999999999999979,0
6,6,6,9,1.0093684321932,0,0
6,6,6,10,1.00242156625086,0.0200000000000005,0
6,6,7,4,0.970473404113259,0,0
6,6,7,5,0.968899204446558,0,0
6,6,7,6,0.962747108542083,0.00999999999999979,0
6,6,7,7,0.988612117615947,0.0100000000000007,0
6,6,7,8,0.955481376496913,0.0199999999999996,0
6,6,7,9,1.06572527169432,0.00999999999999979,0
6,6,7,10,0.974199746003159,0.0199999999999996,0
6,6,8,4,0.96740091938012,0.00999999999999979,0
6,6,8,5,0.968114037447645,0.0100000000000007,0
6,6,8,6,0.975980176729861,0.0100000000000007,0
6,6,8,7,0.979825072001769,0.00999999999999979,0
6,6,8,8,0.985104315921543,0.0199999999999996,0
6,6,8,9,0.989934301170957,0.00999999999999979,0
6,6,8,10,0.996027504106627,0.0199999999999996,0
6,6,9,4,0.958280453655029,0.00999999999999979,0
6,6,9,5,1.46072111034224,0.0200000000000005,0
6,6,9,6,0.977835630528689,0.0199999999999996,0
6,6,9,7,0.948194849417696,0,0
6,6,9,8,0.967589755282324,0.0200000000000005,0
6,6,9,9,1.01634622714518,0.00999999999999979,0
6,6,9,10,1.20166620440754,0.00999999999999979,0
6,6,10,4,1.04551794469485,0.0199999999999996,0
6,6,10,5,0.968782336169308,0.0200000000000005,0
6,6,10,6,0.987325344353424,0.0100000000000007,0
6,6,10,7,0.970757663539789,0,0
6,6,10,8,0.944649887119036,0.0200000000000005,0
6,6,10,9,1.20985345581139,0.00999999999999979,0
6,6,10,10,0.986815265598681,0.0199999999999996,0
6,7,4,4,0.975082782201285,0,0
6,7,4,5,0.965518071496111,0,0
6,7,4,6,0.967621802350403,0.0200000000000005,0
6,7,4,7,0.966049753428519,0,0
6,7,4,8,0.954825140106382,0.0199999999999996,0
6,7,4,9,0.935451634555971,0.00999999999999979,0
6,7,4,10,1.02540639637454,0,0
6,7,5,4,0.968946524310255,0,0
6,7,5,5,0.951686424789115,0,0
6,7,5,6,0.920768706914635,0,0
6,7,5,7,0.93214308269189,0.0200000000000005,0
6,7,5,8,0.960854278747296,0.0199999999999996,0
6,7,5,9,0.977605369451179,0.0199999999999996,0
6,7,5,10,0.932342204837179,0.0199999999999996,0
6,7,6,4,0.94501934605081,0.0199999999999996,0
6,7,6,5,0.951345383382692,0.0200000000000005,0
6,7,6,6,0.955830795579521,0.00999999999999979,0
6,7,6,7,0.909103417116109,0.00999999999999979,0
6,7,6,8,0.968132551618511,0.0199999999999996,0
6,7,6,9,0.913944409694011,0.00999999999999979,0
6,7,6,10,0.908704547559588,0,0
6,7,7,4,0.950150480745776,0.00999999999999979,0
6,7,7,5,0.959687981678899,0.0199999999999996,0
6,7,7,6,0.896879300305538,0.0100000000000007,0
6,7,7,7,0.933242977481439,0.0100000000000007,0
6,7,7,8,0.91997620351033,0.0100000000000007,0
6,7,7,9,0.959805103536833,0.00999999999999979,0
6,7,7,10,0.93945447812639,0.0199999999999996,0
6,7,8,4,0.959714034858474,0.0200000000000005,0
6,7,8,5,0.933369447433101,0.0199999999999996,0
6,7,8,6,0.899042186732476,0.0199999999999996,0
6,7,8,7,0.960022661863616,0.00999999999999979,0
6,7,8,8,0.953416925220315,0,0
6,7,8,9,0.946493566188768,0.0200000000000005,0
6,7,8,10,0.980448690637101,0.00999999999999979,0
6,7,9,4,0.937792190208351,0.00999999999999979,0
6,7,9,5,0.967788613915191,0.00999999999999979,0
6,7,9,6,0.967650444884447,0,0
6,7,9,7,0.966803687374271,0.0200000000000005,0
6,7,9,8,1.20024269300529,0.00999999999999979,0
6,7,9,9,0.877747495902002,0.0199999999999996,0
6,7,9,10,0.930899030728209,0.0200000000000005,0
6,7,10,4,0.967888828923163,0.0200000000000005,0
6,7,10,5,0.981954538971694,0,0
6,7,10,6,0.993600224142526,0.0200000000000005,0
6,7,10,7,0.937487330146392,0.00999999999999979,0
6,7,10,8,1.00275323939618,0.0200000000000005,0
6,7,10,9,0.971996588322542,0.0200000000000005,0
6,7,10,10,0.972477551693792,0.0199999999999996,0
6,8,4,4,0.979523852821231,0.00999999999999979,0
6,8,4,5,0.966443263593886,0.0100000000000007,0
6,8,4,6,0.936028120945188,0.0200000000000005,0
6,8,4,7,0.9647668058685,0.00999999999999979,0
6,8,4,8,0.996756774168939,0.0199999999999996,0
6,8,4,9,0.984564920260388,0,0
6,8,4,10,0.977141537065961,0.0100000000000007,0
6,8,5,4,0.989882721797529,0.0199999999999996,0
6,8,5,5,0.9361445309361,0,0
6,8,5,6,1.00531840241417,0,0
6,8,5,7,0.913382830179847,0,0
6,8,5,8,1.03248018870858,0,0
6,8,5,9,0.905003646876843,0.00999999999999979,0
6,8,5,10,0.918745708594337,0.00999999999999979,0
6,8,6,4,0.960838020111181,0.0100000000000007,0
6,8,6,5,0.984823548870422,0.00999999999999979,0
6,8,6,6,0.986428370418907,0,0
6,8,6,7,0.974127943327059,0.0199999999999996,0
6,8,6,8,0.93738608583141,0.0100000000000007,0
6,8,6,9,0.947658493588327,0.0199999999999996,0
6,8,6,10,1.05888797083551,0,0
6,8,7,4,0.963739550184305,0,0
6,8,7,5,1.23484560079617,0,0
6,8,7,6,0.905921694686049,0,0
6,8,7,7,0.943693448498811,0.0199999999999996,0
6,8,7,8,0.961050022476688,0.00999999999999979,0
6,8,7,9,1.01643178942887,0.0199999999999996,0
6,8,7,10,0.881233477431124,0,0
6,8,8,4,0.97346338633193,0.0200000000000005,0
6,8,8,5,0.958708355817323,0.00999999999999979,0
6,8,8,6,0.930595106348445,0.0200000000000005,0
6,8,8,7,0.967241118880585,0,0
6,8,8,8,1.01711393729847,0,0
6,8,8,9,0.978775785675936,0.0199999999999996,0
6,8,8,10,0.960599612511946,0,0
6,8,9,4,0.967830511024503,0.0199999999999996,0
6,8,9,5,1.01061440704743,0.0200000000000005,0
6,8,9,6,1.05292014621162,0.0200000000000005,0
6,8,9,7,0.96843740863947,0,0
6,8,9,8,1.16711915430377,0.0200000000000005,0
6,8,9,9,0.88026490424977,0.00999999999999979,0
6,8,9,10,1.50679962842463,0.00999999999999979,0
6,8,10,4,1.01917579184022,0.00999999999999979,0
6,8,10,5,1.02112729950406,0,0
6,8,10,6,0.891483789596062,0,0
6,8,10,7,1.09206380980236,0.0199999999999996,0
6,8,10,8,0.916878910360283,0.0200000000000005,0
6,8,10,9,0.887027564512379,0,0
6,8,10,10,1.0523761284367,0.0199999999999996,0
6,9,4,4,0.926012574967551,0,0
6,9,4,5,0.964919182996078,0.0100000000000007,0
6,9,4,6,0.967034940379201,0.0199999999999996,0
6,9,4,7,0.940253991826429,0.0100000000000007,0
6,9,4,8,0.966764922606277,0.0199999999999996,0
6,9,4,9,1.02400598737567,0,0
6,9,4,10,1.12638458978745,0.00999999999999979,0
6,9,5,4,0.96197242064282,0.0200000000000005,0
6,9,5,5,0.945317200639543,0.00999999999999979,0
6,9,5,6,0.945773280828043,0.00999999999999979,0
6,9,5,7,1.06156057434834,0.0100000000000007,0
6,9,5,8,1.00992266742002,0,0
6,9,5,9,0.929010390541657,0.0199999999999996,0
6,9,5,10,0.96778201272087,0.0100000000000007,0
6,9,6,4,0.938089992750079,0.0199999999999996,0
6,9,6,5,0.949194706307014,0.0200000000000005,0
6,9,6,6,0.984705508200254,0,0
6,9,6,7,0.987331171256068,0.0199999999999996,0
6,9,6,8,0.978899343181842,0.00999999999999979,0
6,9,6,9,1.02960019431098,0.0199999999999996,0
6,9,6,10,1.04979990579792,0,0
6,9,7,4,0.975651012622389,0.0200000000000005,0
6,9,7,5,0.97459355084381,0,0
6,9,7,6,0.977396619239458,0,0
6,9,7,7,0.97954559005376,0.00999999999999979,0
6,9,7,8,1.01291925364137,0.00999999999999979,0
6,9,7,9,0.96230621027083,0.00999999999999979,0
6,9,7,10,0.959322587298016,0.0200000000000005,0
6,9,8,4,0.968662264599861,0.0200000000000005,0
6,9,8,5,0.965652560955057,0.0199999999999996,0
6,9,8,6,0.995624557251034,0.0199999999999996,0
6,9,8,7,0.991317550727031,0,0
6,9,8,8,1.11166942740331,0.00999999999999979,0
6,9,8,9,1.16998296052037,0,0
6,9,8,10,1.10481095045643,0,0
6,9,9,4,0.967442575163028,0.0200000000000005,0
6,9,9,5,0.950030170193563,0.0199999999999996,0
6,9,9,6,0.975078497082244,0.0100000000000007,0
6,9,9,7,1.03659752516027,0,0
6,9,9,8,0.905321813836213,0.00999999999999979,0
6,9,9,9,0.848822738611419,0.0199999999999996,0
6,9,9,10,0.994452765419129,0.0200000000000005,0
6,9,10,4,0.969135866392214,0,0
6,9,10,5,0.95617338699765,0.0100000000000007,0
6,9,10,6,0.9617098705075,0,0.01
6,9,10,7,1.00973991173259,0,0
6,9,10,8,1.08259048916955,0,0
6,9,10,9,0.944912750405462,0.0199999999999996,0
6,9,10,10,0.984222629205796,0.0199999999999996,0
6,10,4,4,0.964270662839364,0.00999999999999979,0
6,10,4,5,0.966398817581336,0.0199999999999996,0
6,10,4,6,0.953085297658449,0.0200000000000005,0
6,10,4,7,0.958897051392528,0.00999999999999979,0
6,10,4,8,1.09344495685818,0,0
6,10,4,9,1.03529503309543,0.0199999999999996,0
6,10,4,10,1.02936076647245,0,0
6,10,5,4,0.948118390180646,0,0
6,10,5,5,1.0454959136179,0,0
6,10,5,6,0.95709674429945,0.0200000000000005,0
6,10,5,7,1.00102898915619,0.0200000000000005,0
6,10,5,8,1.01610380138212,0.0199999999999996,0
6,10,5,9,0.952830677387094,0.0200000000000005,0
6,10,5,10,0.938185692062824,0,0
6,10,6,4,0.97475708382043,0.0199999999999996,0
6,10,6,5,1.01905655866854,0,0
6,10,6,6,0.981628852460689,0.0200000000000005,0
6,10,6,7,0.939480271076873,0,0
6,10,6,8,0.984846566000008,0.00999999999999979,0
6,10,6,9,1.06964996526175,0,0
6,10,6,10,1.02294037419251,0.00999999999999979,0
6,10,7,4,0.975005940282917,0.00999999999999979,0
6,10,7,5,0.959290402499878,0,0
6,10,7,6,1.01543876422061,0.00999999999999979,0
6,10,7,7,0.860983064607874,0,0
6,10,7,8,0.924964392627131,0.0199999999999996,0
6,10,7,9,1.17643018835096,0.00999999999999979,0
6,10,7,10,1.1003220493193,0.00999999999999979,0
6,10,8,4,0.965540525565486,0.0199999999999996,0
6,10,8,5,0.917574346500738,0,0
6,10,8,6,0.972797272867895,0,0
6,10,8,7,0.910557908757379,0.0199999999999996,0
6,10,8,8,0.927628075249589,0.0199999999999996,0
6,10,8,9,0.973640480838912,0,0
6,10,8,10,0.926067789481857,0.00999999999999979,0
6,10,9,4,0.956992564875063,0,0
6,10,9,5,1.0031161162492,0.0200000000000005,0
6,10,9,6,0.948400858900734,0,0
6,10,9,7,0.917409924957943,0.0199999999999996,0
6,10,9,8,0.899079510627752,0,0
6,10,9,9,0.885899781707525,0,0
6,10,9,10,0.959417646194358,0,0
6,10,10,4,0.972524675881026,0.0199999999999996,0
6,10,10,5,1.00350415889889,0.0199999999999996,0
6,10,10,6,0.968469617592236,0,0
6,10,10,7,0.896776883582187,0,0
6,10,10,8,0.963725565421485,0.00999999999999979,0
6,10,10,9,1.17016470088363,0.00999999999999979,0
6,10,10,10,0.965219632915319,0.00999999999999979,0
7,4,4,4,0.968007281649458,0.0200000000000005,0
7,4,4,5,0.970426326859349,0.0199999999999996,0
7,4,4,6,0.968926744029569,0,0
7,4,4,7,0.966148416222157,0,0
7,4,4,8,0.940807954108051,0,0
7,4,4,9,0.93114817263587,0.0200000000000005,0
7,4,4,10,0.951069649236202,0,0
7,4,5,4,0.970350926728819,0,0
7,4,5,5,0.958968074473077,0,0
7,4,5,6,0.960755064228887,0.0199999999999996,0
7,4,5,7,0.944683978206589,0,0
7,4,5,8,0.963280274893566,0.00999999999999979,0
7,4,5,9,0.951301602488616,0.0200000000000005,0
7,4,5,10,0.958810147969988,0.00999999999999979,0
7,4,6,4,0.968867684972968,0,0
7,4,6,5,0.970950865659799,0.00999999999999979,0
7,4,6,6,0.966088449512956,0,0
7,4,6,7,0.969288133535764,0,0
7,4,6,8,0.915805386707842,0,0
7,4,6,9,0.95746447061626,0,0
7,4,6,10,0.945462892716543,0.0199999999999996,0
7,4,7,4,0.933986723469533,0.00999999999999979,0
7,4,7,5,0.965655097946295,0,0
7,4,7,6,0.936434869620384,0.0200000000000005,0
7,4,7,7,0.925177317575281,0.00999999999999979,0
7,4,7,8,0.952868480811786,0.0199999999999996,0
7,4,7,9,0.939084074577492,0.0200000000000005,0
7,4,7,10,0.981526966436768,0,0
7,4,8,4,0.963595593263624,0.0199999999999996,0
7,4,8,5,0.966570168669753,0,0
7,4,8,6,0.952196220907718,0,0
7,4,8,7,0.945398900205867,0,0
7,4,8,8,0.93407578243857,0,0
7,4,8,9,0.939373155166147,0,0
7,4,8,10,1.02012411467274,0.0199999999999996,0
7,4,9,4,0.964226889447134,0.0199999999999996,0
7,4,9,5,0.96500330135935,0,0
7,4,9,6,0.955925194163211,0.00999999999999979,0
7,4,9,7,0.944285576264279,0.00999999999999979,0
7,4,9,8,0.96614845037095,0.0200000000000005,0
7,4,9,9,0.961098290388878,0,0
7,4,9,10,0.919574485222528,0.00999999999999979,0
7,4,10,4,0.978242522266929,0,0
7,4,10,5,0.962634079105943,0.0199999999999996,0
7,4,10,6,0.932509169933644,0,0
7,4,10,7,0.963698518856149,0.0200000000000005,0
7,4,10,8,0.966552076517432,0.0100000000000007,0
7,4,10,9,0.94408154262451,0.0199999999999996,0
7,4,10,10,0.978014519569911,0.00999999999999979,0
7,5,4,4,0.960578645096163,0.00999999999999979,0
7,5,4,5,0.977472298028814,0.00999999999999979,0
7,5,4,6,0.965156725668376,0,0
7,5,4,7,0.996940138989806,0,0
7,5,4,8,0.960533390278336,0,0
7,5,4,9,0.986458251373709,0.0100000000000007,0
7,5,4,10,0.906287483153032,0.0199999999999996,0
7,5,5,4,0.962625834677114,0.00999999999999979,0
7,5,5,5,0.969645307360282,0.00999999999999979,0
7,5,5,6,0.97074994822619,0.0200000000000005,0
7,5,5,7,0.927226788431161,0,0
7,5,5,8,0.9061389474195,0.0199999999999996,0
7,5,5,9,0.953915379051064,0.0199999999999996,0
7,5,5,10,0.946153648844114,0.00999999999999979,0
7,5,6,4,0.968256525432795,0.0200000000000005,0
7,5,6,5,0.999938207124183,0,0
7,5,6,6,0.941674106272526,0.00999999999999979,0
7,5,6,7,1.01921205799712,0.0200000000000005,0
7,5,6,8,0.973286497089454,0.0200000000000005,0
7,5,6,9,1.00919212399602,0.0199999999999996,0
7,5,6,10,0.939318540201306,0,0
7,5,7,4,0.971093754459687,0.00999999999999979,0
7,5,7,5,0.906139898611287,0.0200000000000005,0
7,5,7,6,0.959189362553732,0.0199999999999996,0
7,5,7,7,0.972585200827373,0.0200000000000005,0
7,5,7,8,0.856995093403645,0.00999999999999979,0
7,5,7,9,0.894093154167,0.00999999999999979,0
7,5,7,10,1.13926674359948,0.0200000000000005,0
7,5,8,4,0.995842238796064,0.00999999999999979,0
7,5,8,5,0.970853715651194,0,0
7,5,8,6,0.906469711525622,0.0199999999999996,0
7,5,8,7,0.948758354343334,0.0200000000000005,0
7,5,8,8,1.01679197761673,0,0
7,5,8,9,0.974390988195301,0.00999999999999979,0
7,5,8,10,1.07440011829629,0.0200000000000005,0
7,5,9,4,0.965631556519036,0.0199999999999996,0
7,5,9,5,0.952967697367957,0.0199999999999996,0
7,5,9,6,0.975784665345185,0.0199999999999996,0
7,5,9,7,0.977255562548302,0.0199999999999996,0
7,5,9,8,0.942996514716062,0.00999999999999979,0
7,5,9,9,0.976708323167487,0,0
7,5,9,10,0.960697919872788,0.0200000000000005,0
7,5,10,4,0.99220153300843,0.0199999999999996,0
7,5,10,5,0.953339260677823,0.0199999999999996,0
7,5,10,6,0.989287241959834,0.00999999999999979,0
7,5,10,7,1.16166609014201,0.00999999999999979,0
7,5,10,8,0.944385444751617,0.0100000000000007,0
7,5,10,9,1.00123438741687,0.0200000000000005,0
7,5,10,10,1.11790722542407,0.0100000000000007,0
7,6,4,4,0.959026347941133,0.0100000000000007,0
7,6,4,5,0.969957612589674,0,0
7,6,4,6,0.972324403609591,0.0200000000000005,0
7,6,4,7,0.966064798388923,0,0
7,6,4,8,1.03519142452824,0.0100000000000007,0
7,6,4,9,0.962164692809249,0,0
7,6,4,10,0.959225961559841,0.0199999999999996,0
7,6,5,4,0.959887813441283,0.0199999999999996,0
7,6,5,5,0.950510899988797,0.00999999999999979,0
7,6,5,6,0.878172929571523,0.00999999999999979,0
7,6,5,7,0.955399444286829,0.00999999999999979,0
7,6,5,8,0.949542420358069,0,0
7,6,5,9,0.969850233903064,0,0
7,6,5,10,0.937909868882704,0.00999999999999979,0
7,6,6,4,0.994894076105163,0,0
7,6,6,5,1.01805407545787,0,0
7,6,6,6,0.958178109097868,0,0
7,6,6,7,0.980715424781131,0.0200000000000005,0
7,6,6,8,1.10013340334767,0,0
7,6,6,9,0.895219841589559,0.0200000000000005,0
7,6,6,10,1.09544703609218,0.0200000000000005,0
7,6,7,4,0.96508888278618,0.00999999999999979,0
7,6,7,5,0.950779448239634,0,0
7,6,7,6,0.949151961170824,0,0
7,6,7,7,0.946397779138102,0.00999999999999979,0
7,6,7,8,0.939568138555237,0.0100000000000007,0
7,6,7,9,0.975628629165908,0,0
7,6,7,10,1.05582170687259,0.0100000000000007,0
7,6,8,4,0.972870712895871,0,0
7,6,8,5,1.00041980867374,0,0
7,6,8,6,0.959045579971047,0.0199999999999996,0
7,6,8,7,0.95354626474009,0.0199999999999996,0
7,6,8,8,0.968602607333762,0.0199999999999996,0
7,6,8,9,0.9554930438449,0,0
7,6,8,10,0.862386953116209,0,0
7,6,9,4,0.954235221302447,0.00999999999999979,0
7,6,9,5,0.966124460631447,0.0100000000000007,0
7,6,9,6,0.954966414220014,0,0
7,6,9,7,0.946111964522444,0.0199999999999996,0
7,6,9,8,0.844435388765362,0.0199999999999996,0
7,6,9,9,0.961884573535228,0.0199999999999996,0
7,6,9,10,0.827997195097488,0.0100000000000007,0
7,6,10,4,0.965353808092518,0.0200000000000005,0
7,6,10,5,0.960550564618871,0.0100000000000007,0
7,6,10,6,0.968568084998445,0,0
7,6,10,7,0.891612552994042,0.0100000000000007,0
7,6,10,8,0.961159711927212,0.0199999999999996,0
7,6,10,9,1.0913262495503,0.0199999999999996,0
7,6,10,10,1.19573542435625,0.0200000000000005,0
7,7,4,4,0.965793106453128,0.0200000000000005,0
7,7,4,5,0.961093589504557,0.0100000000000007,0
7,7,4,6,0.954433721701203,0.0200000000000005,0
7,7,4,7,0.977644067759603,0.00999999999999979,0
7,7,4,8,0.958830801533263,0,0
7,7,4,9,0.971299466040938,0.00999999999999979,0
7,7,4,10,0.974490996873577,0.00999999999999979,0
7,7,5,4,0.986352432896054,0,0
7,7,5,5,0.950271169820864,0.0200000000000005,0
7,7,5,6,0.974161040273446,0.0200000000000005,0
7,7,5,7,0.961800374394858,0,0
7,7,5,8,0.974844981541995,0.00999999999999979,0
7,7,5,9,0.937617260249014,0.00999999999999979,0
7,7,5,10,0.964064998443841,0.00999999999999979,0
7,7,6,4,0.970933459749388,0,0
7,7,6,5,0.967750536706137,0,0
7,7,6,6,0.991545012205935,0,0
7,7,6,7,0.966121791383244,0.0200000000000005,0
7,7,6,8,0.975046729230536,0,0
7,7,6,9,0.954289197492547,0.00999999999999979,0
7,7,6,10,0.962246447097084,0.00999999999999979,0
7,7,7,4,0.958250956475872,0.0100000000000007,0
7,7,7,5,0.984256191474728,0,0
7,7,7,6,0.972764904761864,0.0200000000000005,0
7,7,7,7,0.943257164397736,0.00999999999999979,0
7,7,7,8,0.97027591787695,0,0
7,7,7,9,0.985725322135014,0,0
7,7,7,10,0.994813395748928,0,0
7,7,8,4,0.972214737692206,0.0199999999999996,0
7,7,8,5,0.912713808262124,0,0
7,7,8,6,0.999304817829799,0.0100000000000007,0
7,7,8,7,0.960926073417858,0.00999999999999979,0
7,7,8,8,0.940099600238815,0.0200000000000005,0
7,7,8,9,0.947134158594755,0.0200000000000005,0
7,7,8,10,0.904164486612298,0.0199999999999996,0
7,7,9,4,0.971433311852733,0.0199999999999996,0
7,7,9,5,0.952814086823566,0.00999999999999979,0
7,7,9,6,1.05582297747267,0,0
7,7,9,7,0.962464463067584,0,0
7,7,9,8,0.90617620192586,0.0100000000000007,0
7,7,9,9,0.892797975979528,0,0
7,7,9,10,1.04762607039674,0.0199999999999996,0
7,7,10,4,0.937185788148926,0.00999999999999979,0
7,7,10,5,0.91545388786541,0,0
7,7,10,6,0.963147351065567,0,0
7,7,10,7,0.917221246383737,0,0
7,7,10,8,0.97330994635555,0.0200000000000005,0
7,7,10,9,1.05565795013386,0.0200000000000005,0
7,7,10,10,0.965026628323431,0,0
7,8,4,4,0.981469990320663,0,0
7,8,4,5,0.983543730713237,0.00999999999999979,0
7,8,4,6,0.955585777444535,0,0
7,8,4,7,0.957619687156197,0.0199999999999996,0
7,8,4,8,0.969058487867794,0.0200000000000005,0
7,8,4,9,0.921775797846494,0.0199999999999996,0
7,8,4,10,0.925514103506873,0.00999999999999979,0
7,8,5,4,1.00969550139144,0,0
7,8,5,5,0.991503269486755,0,0
7,8,5,6,1.03310767134755,0.0199999999999996,0
7,8,5,7,0.935356602566306,0.00999999999999979,0
7,8,5,8,0.975138590828663,0,0
7,8,5,9,0.954483808612682,0.0200000000000005,0
7,8,5,10,0.958698991289888,0.00999999999999979,0
7,8,6,4,0.915364313706674,0,0
7,8,6,5,0.956744599647463,0.00999999999999979,0
7,8,6,6,0.973912551614818,0,0
7,8,6,7,0.970101433276647,0,0
7,8,6,8,0.935130793103001,0,0
7,8,6,9,0.960565893210478,0.0199999999999996,0
7,8,6,10,0.997481767512834,0.0100000000000007,0
7,8,7,4,0.963952734356102,0.0100000000000007,0
7,8,7,5,0.883803313683895,0,0
7,8,7,6,0.94230141226026,0.0199999999999996,0
7,8,7,7,0.940847744069638,0.0100000000000007,0
7,8,7,8,0.922210800111333,0.0200000000000005,0
7,8,7,9,1.01193453498201,0.0100000000000007,0
7,8,7,10,1.04577071233353,0,0
7,8,8,4,0.973242626224516,0.0200000000000005,0
7,8,8,5,0.963436336101479,0,0.02
7,8,8,6,0.953891619017395,0.0100000000000007,0
7,8,8,7,0.9324923136661,0.00999999999999979,0
7,8,8,8,1.04874271070213,0.0199999999999996,0
7,8,8,9,0.975322708573245,0.0200000000000005,0
7,8,8,10,0.945410864033869,0.0100000000000007,0
7,8,9,4,0.936711313164086,0.0199999999999996,0
7,8,9,5,0.921743734808447,0,0
7,8,9,6,1.01596453927198,0.0199999999999996,0
7,8,9,7,0.894186130016161,0,0
7,8,9,8,0.979263634077933,0,0
7,8,9,9,0.947546679291142,0.00999999999999979,0
7,8,9,10,1.02039305071773,0.00999999999999979,0
7,8,10,4,0.966729161031608,0.0200000000000005,0
7,8,10,5,0.971008691405665,0.0200000000000005,0
7,8,10,6,0.943327189359109,0.00999999999999979,0
7,8,10,7,1.00672554626811,0.0200000000000005,0
7,8,10,8,0.949993998142986,0.00999999999999979,0
7,8,10,9,0.88065468438958,0,0
7,8,10,10,0.90696780155947,0.00999999999999979,0
7,9,4,4,0.953108226899854,0,0
7,9,4,5,0.955481803246189,0,0
7,9,4,6,0.961489703298979,0.0199999999999996,0
7,9,4,7,0.989919011911563,0.0200000000000005,0
7,9,4,8,0.921592321135259,0.0199999999999996,0
7,9,4,9,0.96703868730747,0.00999999999999979,0
7,9,4,10,1.00041395271782,0.0199999999999996,0
7,9,5,4,1.00708485315364,0.00999999999999979,0
7,9,5,5,0.898769065419428,0.0200000000000005,0
7,9,5,6,0.925257215899041,0,0
7,9,5,7,0.969977758732967,0,0
7,9,5,8,0.9626092611536,0,0
7,9,5,9,0.961065265021996,0.0199999999999996,0
7,9,5,10,0.977431650894446,0.0200000000000005,0
7,9,6,4,0.962315165818609,0.00999999999999979,0
7,9,6,5,0.95562039668815,0.0100000000000007,0
7,9,6,6,0.944833337269046,0.0199999999999996,0
7,9,6,7,0.981153426939222,0.0100000000000007,0
7,9,6,8,0.934665336886491,0.0199999999999996,0
7,9,6,9,0.966099798552841,0.00999999999999979,0
7,9,6,10,0.970373971930275,0.0100000000000007,0
7,9,7,4,0.975050820578038,0.0199999999999996,0
7,9,7,5,0.92886756341411,0,0
7,9,7,6,0.982279472827892,0.0199999999999996,0
7,9,7,7,0.964825763257814,0.0199999999999996,0
7,9,7,8,0.914951084517544,0.00999999999999979,0
7,9,7,9,0.959677361617246,0.00999999999999979,0
7,9,7,10,0.976546004816719,0.00999999999999979,0
7,9,8,4,0.957284711599328,0,0
7,9,8,5,0.975097490589784,0.0100000000000007,0
7,9,8,6,0.975569794479092,0.0199999999999996,0
7,9,8,7,1.00199643499942,0.0199999999999996,0
7,9,8,8,0.987228957685962,0.0200000000000005,0
7,9,8,9,0.880227634938518,0.00999999999999979,0
7,9,8,10,1.16523138629599,0,0
7,9,9,4,0.960078024202481,0.0100000000000007,0
7,9,9,5,1.11272929833224,0.0199999999999996,0
7,9,9,6,0.957957163520761,0.0200000000000005,0
7,9,9,7,0.905227724548602,0,0
7,9,9,8,0.832514159253186,0.0200000000000005,0
7,9,9,9,0.834310837226306,0.0200000000000005,0
7,9,9,10,0.951007670312214,0.0200000000000005,0
7,9,10,4,1.01006012374914,0.0200000000000005,0
7,9,10,5,0.953669214141254,0.00999999999999979,0
7,9,10,6,0.935500715874266,0.0199999999999996,0
7,9,10,7,0.967134543127942,0.00999999999999979,0
7,9,10,8,0.974733293933705,0.0200000000000005,0
7,9,10,9,0.972138416398126,0.00999999999999979,0
7,9,10,10,0.89067138816996,0,0
7,10,4,4,0.97463946356,0,0
7,10,4,5,0.985317162637019,0,0
7,10,4,6,0.966527706705372,0.0199999999999996,0
7,10,4,7,0.952908645884793,0.00999999999999979,0
7,10,4,8,0.988853603830384,0.00999999999999979,0
7,10,4,9,0.974133200465516,0.0199999999999996,0
7,10,4,10,0.977855155784011,0,0
7,10,5,4,0.969342330620413,0.0100000000000007,0
7,10,5,5,1.00151450963624,0.00999999999999979,0
7,10,5,6,0.957097182123449,0.0199999999999996,0
7,10,5,7,0.982396687311912,0.0200000000000005,0
7,10,5,8,0.962912925689397,0.00999999999999979,0
7,10,5,9,0.900740685259854,0.0100000000000007,0
7,10,5,10,1.01338898514613,0.0199999999999996,0
7,10,6,4,0.974718891492809,0.0100000000000007,0
7,10,6,5,0.973897494886774,0.00999999999999979,0
7,10,6,6,0.937310096618864,0.0199999999999996,0
7,10,6,7,0.990788128430246,0,0
7,10,6,8,0.979157251152193,0.0199999999999996,0
7,10,6,9,1.02653478150243,0.0200000000000005,0
7,10,6,10,0.958639585522692,0.00999999999999979,0
7,10,7,4,0.961406339995674,0.0199999999999996,0
7,10,7,5,0.978863882641129,0,0
7,10,7,6,1.00027819588814,0,0
7,10,7,7,0.916784596547051,0.0199999999999996,0
7,10,7,8,0.983607747791741,0.0199999999999996,0
7,10,7,9,0.932486529521082,0.0200000000000005,0
7,10,7,10,0.901686025830205,0.0200000000000005,0
7,10,8,4,0.978719031913954,0.0200000000000005,0
7,10,8,5,1.03603894197413,0.0200000000000005,0
7,10,8,6,0.950300476857626,0.0100000000000007,0
7,10,8,7,1.13676034724116,0.0199999999999996,0
7,10,8,8,0.982737206941634,0.0199999999999996,0
7,10,8,9,1.07185408544462,0,0
7,10,8,10,0.963387977846436,0.0200000000000005,0
7,10,9,4,0.966578383370131,0.0200000000000005,0
7,10,9,5,1.04002424873553,0.0200000000000005,0
7,10,9,6,0.970570550391591,0.00999999999999979,0
7,10,9,7,0.969849750490461,0.0199999999999996,0
7,10,9,8,0.974567905338042,0.00999999999999979,0
7,10,9,9,1.08793113085371,0.00999999999999979,0
7,10,9,10,0.972421148465387,0,0
7,10,10,4,0.869293216922944,0.0200000000000005,0
7,10,10,5,0.96979361384339,0.0199999999999996,0
7,10,10,6,0.939184449358729,0.0200000000000005,0
7,10,10,7,0.992481221922625,0.00999999999999979,0
7,10,10,8,0.977997600137033,0.00999999999999979,0
7,10,10,9,0.977814728004207,0.00999999999999979,0
7,10,10,10,0.959151601123755,0.0199999999999996,0
8,4,4,4,0.96968584605518,0.0200000000000005,0
8,4,4,5,0.964931378399176,0.0100000000000007,0
8,4,4,6,0.96936402565262,0.0100000000000007,0
8,4,4,7,0.964272752999134,0.00999999999999979,0
8,4,4,8,0.935053119660702,0.0200000000000005,0
8,4,4,9,0.942197587473594,0,0
8,4,4,10,0.974917235843658,0,0
8,4,5,4,0.972866445459378,0.0100000000000007,0
8,4,5,5,0.963185345131371,0.0100000000000007,0
8,4,5,6,0.953456475660437,0.00999999999999979,0
8,4,5,7,0.994365106333858,0,0
8,4,5,8,0.995337721101142,0,0
8,4,5,9,1.01903922823177,0.0199999999999996,0
8,4,5,10,0.955950918084665,0,0
8,4,6,4,0.957146161647974,0.00999999999999979,0
8,4,6,5,0.961790129114991,0.0199999999999996,0
8,4,6,6,0.941170014042444,0.0199999999999996,0
8,4,6,7,1.10288697977621,0.00999999999999979,0
8,4,6,8,0.952856625475135,0.0199999999999996,0
8,4,6,9,0.96313979288928,0.0199999999999996,0
8,4,6,10,0.991774212974608,0.0199999999999996,0
8,4,7,4,0.967916214753625,0.00999999999999979,0
8,4,7,5,0.955462680095654,0,0
8,4,7,6,0.956411729654622,0,0
8,4,7,7,1.04247278829471,0,0
8,4,7,8,0.952228278861237,0.0199999999999996,0
8,4,7,9,0.944402778237267,0.0100000000000007,0
8,4,7,10,0.935557427952393,0.0100000000000007,0
8,4,8,4,0.956386381055567,0,0
8,4,8,5,0.966040730816688,0.0200000000000005,0
8,4,8,6,0.979422431736902,0.0100000000000007,0
8,4,8,7,0.915802097119137,0.0200000000000005,0
8,4,8,8,0.942247354587302,0.0200000000000005,0
8,4,8,9,0.957512729656087,0.0100000000000007,0
8,4,8,10,0.963371355242042,0,0
8,4,9,4,0.96272219187803,0,0
8,4,9,5,0.971750375870811,0.00999999999999979,0
8,4,9,6,1.01832105848302,0,0
8,4,9,7,0.963998569472764,0,0
8,4,9,8,0.949148715971279,0.00999999999999979,0
8,4,9,9,0.972363466502116,0.00999999999999979,0
8,4,9,10,0.957703220654437,0.00999999999999979,0
8,4,10,4,0.944454592186512,0.00999999999999979,0
8,4,10,5,0.921871925124355,0.00999999999999979,0
8,4,10,6,0.968832965007124,0.00999999999999979,0
8,4,10,7,0.965278655124323,0.0200000000000014,0
8,4,10,8,0.982842414865032,0.0199999999999996,0
8,4,10,9,0.955999190824074,0.0199999999999996,0
8,4,10,10,0.953417787650919,0.00999999999999979,0
8,5,4,4,0.961176194797626,0,0
8,5,4,5,0.969414998073335,0.00999999999999979,0
8,5,4,6,0.984302674042304,0.00999999999999979,0
8,5,4,7,0.968035697851209,0.00999999999999979,0
8,5,4,8,0.977725172568664,0.00999999999999979,0
8,5,4,9,0.971526153798137,0.0199999999999996,0
8,5,4,10,0.975012297881956,0.0199999999999996,0
8,5,5,4,0.97074699808829,0.0200000000000014,0
8,5,5,5,0.979018462114444,0.0199999999999996,0
8,5,5,6,0.992433497108556,0.0200000000000014,0
8,5,5,7,0.984365162254218,0.00999999999999979,0
8,5,5,8,0.971501033589168,0,0
8,5,5,9,0.970566037859127,0.0199999999999996,0
8,5,5,10,0.963296619307798,0.0200000000000014,0
8,5,6,4,0.936126231782859,0,0
8,5,6,5,0.951384913862549,0.0200000000000014,0
8,5,6,6,0.963113233770156,0.0199999999999996,0
8,5,6,7,0.967588332603977,0.0199999999999996,0
8,5,6,8,0.907387643264388,0.0199999999999996,0
8,5,6,9,0.972367842106931,0.00999999999999979,0
8,5,6,10,0.935473672841389,0.00999999999999979,0
8,5,7,4,0.970037101690463,0,0
8,5,7,5,0.96231720178695,0.0199999999999996,0
8,5,7,6,1.0002194495829,0.0199999999999996,0
8,5,7,7,0.89345852663141,0.0199999999999996,0
8,5,7,8,0.982925715971196,0,0
8,5,7,9,1.04367014955169,0,0
8,5,7,10,1.04323434177355,0.0199999999999996,0
8,5,8,4,0.969246677098415,0.0200000000000014,0
8,5,8,5,0.9441088340878,0.00999999999999979,0
8,5,8,6,0.997272039838138,0.0199999999999996,0
8,5,8,7,0.930522368403349,0.0100000000000016,0
8,5,8,8,0.974247533613236,0.0199999999999996,0
8,5,8,9,1.00824576806238,0.0100000000000016,0
8,5,8,10,1.02643420515025,0.00999999999999979,0
8,5,9,4,1.00902753424122,0.00999999999999979,0
8,5,9,5,0.9724881801749,0,0
8,5,9,6,0.976576409267082,0,0
8,5,9,7,0.95325613754943,0.00999999999999979,0
8,5,9,8,0.947308981501752,0.0199999999999996,0
8,5,9,9,0.973027893695372,0.00999999999999979,0
8,5,9,10,0.927182193669852,0.00999999999999979,0
8,5,10,4,0.968137260916434,0.0199999999999996,0
8,5,10,5,0.971711819450105,0.0200000000000014,0
8,5,10,6,0.970486150536014,0.0199999999999996,0
8,5,10,7,0.985123167388057,0.00999999999999979,0
8,5,10,8,0.964067567210986,0.00999999999999979,0
8,5,10,9,0.846376980891905,0.0199999999999996,0
8,5,10,10,1.09370821933491,0,0
8,6,4,4,0.950200042661194,0.00999999999999979,0
8,6,4,5,0.95711706219241,0.00999999999999979,0
8,6,4,6,0.895753269332375,0.0200000000000014,0
8,6,4,7,1.02248279576431,0.00999999999999979,0
8,6,4,8,0.958863532155542,0.0199999999999996,0
8,6,4,9,0.995574150621145,0.0199999999999996,0
8,6,4,10,1.06077257663443,0.0199999999999996,0
8,6,5,4,0.94105081292185,0.0200000000000014,0
8,6,5,5,0.952825709373546,0,0
8,6,5,6,0.989935336281818,0,0
8,6,5,7,0.984513408110096,0.0200000000000014,0
8,6,5,8,0.966063906674577,0.0199999999999996,0
8,6,5,9,0.935091640421773,0.00999999999999979,0
8,6,5,10,0.971410118920824,0.0199999999999996,0
8,6,6,4,0.968011336542656,0.0199999999999996,0
8,6,6,5,0.966933733055278,0.00999999999999979,0
8,6,6,6,0.928203796891746,0.00999999999999979,0
8,6,6,7,0.918010519464025,0.00999999999999979,0
8,6,6,8,1.00357217498824,0.0199999999999996,0
8,6,6,9,0.971071746145455,0,0
8,6,6,10,1.01469441314229,0,0
8,6,7,4,0.983719522010863,0.0199999999999996,0
8,6,7,5,1.01166387698522,0.0199999999999996,0
8,6,7,6,0.975677070332496,0.0200000000000014,0
8,6,7,7,0.933934190336432,0.0199999999999996,0
8,6,7,8,0.988821351644647,0.00999999999999979,0
8,6,7,9,0.960146094314162,0.0100000000000016,0
8,6,7,10,0.974292149193696,0.0199999999999996,0
8,6,8,4,0.97328583449355,0.0100000000000016,0
8,6,8,5,0.975235931228812,0.00999999999999979,0
8,6,8,6,0.960191086123749,0.00999999999999979,0
8,6,8,7,0.936247686360069,0,0
8,6,8,8,0.886814986411094,0.00999999999999979,0
8,6,8,9,0.968442132877213,0.00999999999999979,0
8,6,8,10,0.934368985150752,0.0199999999999996,0
8,6,9,4,0.969309385814107,0,0
8,6,9,5,0.976536861022946,0.00999999999999979,0
8,6,9,6,0.963575043653077,0.0199999999999996,0
8,6,9,7,0.983174281588633,0.0199999999999996,0
8,6,9,8,0.988197339539047,0.0200000000000014,0
8,6,9,9,0.963560620641889,0.00999999999999979,0
8,6,9,10,1.00557377301813,0.0199999999999996,0
8,6,10,4,0.964294571535072,0,0
8,6,10,5,0.938868943218458,0.00999999999999979,0
8,6,10,6,0.942631954023753,0.00999999999999979,0
8,6,10,7,0.878877589465118,0.00999999999999979,0
8,6,10,8,0.965398604550737,0.0199999999999996,0
8,6,10,9,0.929596483243637,0.0200000000000014,0
8,6,10,10,0.956532574823025,0.0199999999999996,0
8,7,4,4,0.945916153645372,0.0199999999999996,0
8,7,4,5,0.937279046680674,0.0199999999999996,0
8,7,4,6,0.965482778173341,0.0200000000000014,0
8,7,4,7,0.991361497295241,0.0200000000000014,0
8,7,4,8,0.987899482021922,0,0
8,7,4,9,0.946896652991724,0.0200000000000014,0
8,7,4,10,0.931886682575462,0,0
8,7,5,4,0.973878867014144,0.00999999999999979,0
8,7,5,5,0.969133974209217,0.00999999999999979,0
8,7,5,6,0.967157819129321,0,0
8,7,5,7,0.940445354162673,0.0199999999999996,0
8,7,5,8,0.956285357685513,0.00999999999999979,0
8,7,5,9,0.953031475096511,0.00999999999999979,0
8,7,5,10,0.954523067759429,0.0199999999999996,0
8,7,6,4,0.979877706814518,0.0199999999999996,0
8,7,6,5,0.959670157993934,0,0
8,7,6,6,0.938078270712547,0.0199999999999996,0
8,7,6,7,0.967137130555768,0.0199999999999996,0
8,7,6,8,1.0129236238475,0.0100000000000016,0
8,7,6,9,1.00671326918366,0.0200000000000014,0
8,7,6,10,0.98291875983758,0,0
8,7,7,4,0.961956265671298,0,0
8,7,7,5,0.946338616982052,0.0199999999999996,0
8,7,7,6,0.954881348449463,0.0100000000000016,0
8,7,7,7,0.948442616638608,0.00999999999999979,0
8,7,7,8,0.948214006188857,0.00999999999999979,0
8,7,7,9,0.931240747328474,0.00999999999999979,0
8,7,7,10,0.964024956126765,0.00999999999999979,0
8,7,8,4,0.970587810046526,0.00999999999999979,0
8,7,8,5,0.963128256805372,0.0199999999999996,0
8,7,8,6,0.926790782038753,0.0199999999999996,0
8,7,8,7,0.956125071093542,0,0
8,7,8,8,0.961384163985156,0,0
8,7,8,9,0.965402386917678,0,0
8,7,8,10,0.976724124562487,0.0199999999999996,0
8,7,9,4,0.966353781912967,0.0199999999999996,0
8,7,9,5,0.96463597033505,0.00999999999999979,0
8,7,9,6,0.975301290020638,0.00999999999999979,0
8,7,9,7,0.960562575063409,0.00999999999999979,0
8,7,9,8,0.902426422859183,0.00999999999999979,0
8,7,9,9,0.920250400777833,0.0199999999999996,0
8,7,9,10,0.977851524738209,0.0199999999999996,0
8,7,10,4,1.01959384729759,0.00999999999999979,0
8,7,10,5,0.968840254197781,0,0
8,7,10,6,0.940610870950649,0,0
8,7,10,7,1.12911388297497,0.0199999999999996,0
8,7,10,8,0.990823938099365,0.0200000000000014,0
8,7,10,9,1.05346152497254,0.0200000000000014,0
8,7,10,10,0.924657321214153,0.0199999999999996,0
8,8,4,4,0.962378527296866,0,0
8,8,4,5,0.976879968373848,0.0199999999999996,0
8,8,4,6,0.988932827834059,0,0
8,8,4,7,0.971748035391853,0.00999999999999979,0
8,8,4,8,0.944448489472975,0.00999999999999979,0
8,8,4,9,0.871212060794087,0,0
8,8,4,10,0.977837387451287,0,0
8,8,5,4,1.00702690549942,0.00999999999999979,0
8,8,5,5,0.959036468113435,0,0
8,8,5,6,0.969999517238071,0.0199999999999996,0
8,8,5,7,0.97625569137409,0.0199999999999996,0
8,8,5,8,0.963088569400627,0.0199999999999996,0
8,8,5,9,0.978193164298446,0.0199999999999996,0
8,8,5,10,0.960813672584797,0,0
8,8,6,4,0.966821013915052,0.0200000000000014,0
8,8,6,5,0.962955294185475,0,0
8,8,6,6,0.975911750448954,0,0
8,8,6,7,0.980974599027104,0,0
8,8,6,8,0.996087230097504,0,0
8,8,6,9,0.95390439323875,0,0
8,8,6,10,0.985618950297462,0.00999999999999979,0
8,8,7,4,0.963114672983871,0.0199999999999996,0
8,8,7,5,0.955324299426311,0.0199999999999996,0
8,8,7,6,0.891798457105538,0,0
8,8,7,7,0.99250248600151,0.00999999999999979,0
8,8,7,8,0.960444753720619,0.0199999999999996,0
8,8,7,9,0.96354990295202,0.00999999999999979,0
8,8,7,10,1.02438167836788,0.00999999999999979,0
8,8,8,4,0.97072108243865,0,0
8,8,8,5,0.920664030981907,0,0
8,8,8,6,0.973624751570629,0,0
8,8,8,7,0.884335807471132,0.0199999999999996,0
8,8,8,8,0.899539729037741,0.00999999999999979,0
8,8,8,9,0.979457823662339,0.0199999999999996,0
8,8,8,10,0.921291337396574,0,0
8,8,9,4,0.968061403576328,0,0
8,8,9,5,0.962518240666913,0.00999999999999979,0
8,8,9,6,1.05435483693641,0.0199999999999996,0
8,8,9,7,0.894508391891377,0.00999999999999979,0
8,8,9,8,0.999901192694041,0.0199999999999996,0
8,8,9,9,0.984399325669692,0.0199999999999996,0
8,8,9,10,0.969108886633441,0,0
8,8,10,4,0.919393146261135,0.0199999999999996,0
8,8,10,5,1.04435654808068,0.0200000000000014,0
8,8,10,6,1.00942692488149,0,0
8,8,10,7,0.971664141509832,0,0
8,8,10,8,0.923241217417143,0,0
8,8,10,9,0.869578524169885,0.00999999999999979,0
8,8,10,10,0.960287901315323,0.0200000000000014,0
8,9,4,4,0.949407930575225,0,0
8,9,4,5,0.882072983205977,0,0
8,9,4,6,0.949229143324509,0,0
8,9,4,7,0.977669667000852,0.00999999999999979,0
8,9,4,8,0.953140584708919,0.00999999999999979,0
8,9,4,9,0.969370403853595,0.0199999999999996,0
8,9,4,10,0.946022596081184,0.0100000000000016,0
8,9,5,4,0.959835374293114,0,0
8,9,5,5,0.94335846865814,0.0199999999999996,0
8,9,5,6,0.966371499450196,0.0200000000000014,0
8,9,5,7,0.954576155838537,0.0199999999999996,0
8,9,5,8,0.989437941113468,0.0199999999999996,0
8,9,5,9,0.980303206673497,0,0
8,9,5,10,0.876095686030476,0,0
8,9,6,4,0.963426262954647,0.0199999999999996,0
8,9,6,5,1.00421331399423,0.0100000000000016,0
8,9,6,6,0.964964622875672,0.00999999999999979,0
8,9,6,7,0.965658104160035,0.0199999999999996,0
8,9,6,8,0.97277903455287,0,0
8,9,6,9,0.950953985350576,0.00999999999999979,0
8,9,6,10,0.910556360892462,0.0199999999999996,0
8,9,7,4,0.957793340949268,0.0200000000000014,0
8,9,7,5,0.968823025299403,0.00999999999999979,0
8,9,7,6,0.971513886805455,0,0
8,9,7,7,0.968199704660322,0,0
8,9,7,8,1.05673272584573,0.0200000000000014,0
8,9,7,9,1.07863046342854,0.0199999999999996,0
8,9,7,10,1.01146592975468,0.0199999999999996,0
8,9,8,4,0.95983015731838,0,0
8,9,8,5,0.951454021024675,0.00999999999999979,0
8,9,8,6,0.922526542149412,0.0199999999999996,0
8,9,8,7,1.03766940626267,0.00999999999999979,0
8,9,8,8,0.816740149793197,0.0199999999999996,0
8,9,8,9,1.00727042122786,0.00999999999999979,0
8,9,8,10,0.971233073993204,0,0
8,9,9,4,0.964074401881823,0,0
8,9,9,5,1.0291463439423,0.0199999999999996,0
8,9,9,6,0.953436862962331,0.0199999999999996,0
8,9,9,7,0.908767904487469,0,0
8,9,9,8,1.00108806491545,0,0
8,9,9,9,1.05888256017372,0.00999999999999979,0
8,9,9,10,1.00532363657431,0.0200000000000014,0
8,9,10,4,0.969996957105109,0.00999999999999979,0
8,9,10,5,0.928705381628768,0.00999999999999979,0
8,9,10,6,0.974027529437414,0,0
8,9,10,7,0.94565248239106,0,0
8,9,10,8,0.960669585100266,0,0
8,9,10,9,0.959421607323319,0.00999999999999979,0
8,9,10,10,0.982207250757269,0.00999999999999979,0
8,10,4,4,0.955873597737586,0,0
8,10,4,5,0.948330698968174,0,0
8,10,4,6,0.949631257077793,0.0100000000000016,0
8,10,4,7,0.958034131102015,0.00999999999999979,0
8,10,4,8,0.91103496716051,0.0199999999999996,0
8,10,4,9,0.941879606008258,0.0200000000000014,0
8,10,4,10,0.852508346373393,0,0
8,10,5,4,0.944909680100437,0,0
8,10,5,5,0.929512265205953,0,0
8,10,5,6,0.948852730585737,0.0199999999999996,0
8,10,5,7,0.930446981584324,0.00999999999999979,0
8,10,5,8,0.921804946302277,0.00999999999999979,0
8,10,5,9,0.892585729945519,0,0
8,10,5,10,0.917811701806961,0.0199999999999996,0
8,10,6,4,0.949587861389222,0.0199999999999996,0
8,10,6,5,0.960539955651009,0.0200000000000014,0
8,10,6,6,0.947906156793411,0.0199999999999996,0
8,10,6,7,0.928071345635679,0.00999999999999979,0
8,10,6,8,0.962010034078182,0,0
8,10,6,9,1.07082726726468,0,0
8,10,6,10,0.937124978660039,0.0199999999999996,0
8,10,7,4,0.966364816228269,0.0200000000000014,0
8,10,7,5,0.949155310734697,0.00999999999999979,0
8,10,7,6,0.927202870832445,0.0199999999999996,0
8,10,7,7,0.931015198829972,0.0199999999999996,0
8,10,7,8,0.924896659860268,0.00999999999999979,0
8,10,7,9,0.909956175932083,0.00999999999999979,0
8,10,7,10,0.942068699287327,0.0199999999999996,0
8,10,8,4,0.956438268767093,0.00999999999999979,0
8,10,8,5,0.917442451138149,0,0
8,10,8,6,0.927210755054784,0,0
8,10,8,7,0.938306091664161,0.0200000000000014,0
8,10,8,8,0.946837121178306,0.0200000000000014,0
8,10,8,9,0.944452080920644,0.00999999999999979,0
8,10,8,10,0.985082717233698,0.0199999999999996,0
8,10,9,4,0.953583096314008,0.00999999999999979,0
8,10,9,5,0.953650882403544,0.00999999999999979,0
8,10,9,6,0.934714386192955,0.00999999999999979,0
8,10,9,7,0.916326219464396,0.00999999999999979,0
8,10,9,8,0.947472721776131,0,0
8,10,9,9,0.9788233881737,0.0200000000000014,0
8,10,9,10,1.03207297341348,0,0
8,10,10,4,0.954701993972097,0.0199999999999996,0
8,10,10,5,0.973597847406486,0.0199999999999996,0
8,10,10,6,0.969998427621456,0.00999999999999979,0
8,10,10,7,0.957091042695791,0,0
8,10,10,8,0.979938051587695,0.0100000000000016,0
8,10,10,9,0.947041764225533,0.0199999999999996,0
8,10,10,10,0.988883102540976,0,0
9,4,4,4,0.968694348066678,0.0199999999999996,0
9,4,4,5,0.964766867975753,0.0199999999999996,0
9,4,4,6,0.965983971481832,0,0
9,4,4,7,0.96641089633394,0,0
9,4,4,8,0.956255161453296,0.00999999999999979,0
9,4,4,9,0.968315461010512,0.0199999999999996,0
9,4,4,10,0.96908200357284,0.0100000000000016,0
9,4,5,4,0.969015031085911,0,0
9,4,5,5,0.968809283736772,0.0199999999999996,0
9,4,5,6,0.928762044828686,0.0199999999999996,0
9,4,5,7,0.937137278800315,0,0
9,4,5,8,0.966061843525467,0.0200000000000014,0
9,4,5,9,0.974456335574006,0,0
9,4,5,10,0.974439767521974,0,0
9,4,6,4,0.955659201763576,0,0
9,4,6,5,1.03672079805251,0,0
9,4,6,6,0.959420149703792,0,0
9,4,6,7,0.964087033688152,0.00999999999999979,0
9,4,6,8,0.962730067875831,0.00999999999999979,0
9,4,6,9,1.09303201857955,0.0199999999999996,0
9,4,6,10,0.952742561252478,0.00999999999999979,0
9,4,7,4,0.943248207644225,0.0199999999999996,0
9,4,7,5,0.969844472489665,0.0199999999999996,0
9,4,7,6,0.964562620215674,0,0
9,4,7,7,0.967433863011695,0,0
9,4,7,8,0.949899555812873,0,0
9,4,7,9,0.956413958835006,0.00999999999999979,0
9,4,7,10,0.956213957357856,0.00999999999999979,0
9,4,8,4,0.969498211727633,0.0200000000000014,0
9,4,8,5,0.967741189722724,0.00999999999999979,0
9,4,8,6,1.05598436819805,0.00999999999999979,0
9,4,8,7,0.970171330895936,0.00999999999999979,0
9,4,8,8,0.967520072143173,0.0200000000000014,0
9,4,8,9,0.96041950822481,0.00999999999999979,0
9,4,8,10,1.00353002163556,0.00999999999999979,0
9,4,9,4,0.969132367158171,0.0200000000000014,0
9,4,9,5,0.957705695661996,0,0
9,4,9,6,0.947097525003404,0.00999999999999979,0
9,4,9,7,0.969180354264491,0.0199999999999996,0
9,4,9,8,0.960489263020042,0.0200000000000014,0
9,4,9,9,0.974697128811306,0.0199999999999996,0
9,4,9,10,0.957773637805637,0.0100000000000016,0
9,4,10,4,0.954888688048499,0.0199999999999996,0
9,4,10,5,0.956860364623026,0.0199999999999996,0
9,4,10,6,0.976364860487476,0.0100000000000016,0
9,4,10,7,0.967074046186004,0.0199999999999996,0
9,4,10,8,0.857782049826441,0.0199999999999996,0
9,4,10,9,0.964710067433377,0.0199999999999996,0
9,4,10,10,0.96107838584613,0.0199999999999996,0
9,5,4,4,0.96816988535946,0.00999999999999979,0
9,5,4,5,0.986102209617298,0.0199999999999996,0
9,5,4,6,0.989114024471907,0.0199999999999996,0
9,5,4,7,0.950381334843618,0,0
9,5,4,8,0.966573892165055,0.0199999999999996,0
9,5,4,9,0.9702057304785,0.00999999999999979,0
9,5,4,10,1.10794650162821,0.0199999999999996,0
9,5,5,4,0.977823423474005,0.0200000000000014,0
9,5,5,5,0.984745173727576,0.0199999999999996,0
9,5,5,6,0.980929410280674,0,0
9,5,5,7,0.941102730471497,0.0199999999999996,0
9,5,5,8,0.980875701777163,0.00999999999999979,0
9,5,5,9,0.97392661394283,0.00999999999999979,0
9,5,5,10,0.993040921887581,0.00999999999999979,0
9,5,6,4,0.985153558151471,0,0
9,5,6,5,0.973726766837633,0.0199999999999996,0
9,5,6,6,0.961631356813413,0.00999999999999979,0
9,5,6,7,0.976160632219579,0.0199999999999996,0
9,5,6,8,0.958537797059892,0.0199999999999996,0
9,5,6,9,0.981285080019074,0.00999999999999979,0
9,5,6,10,0.969228565703823,0.00999999999999979,0
9,5,7,4,0.969016221861539,0.00999999999999979,0
9,5,7,5,0.953747374025568,0,0
9,5,7,6,0.987747726822807,0,0
9,5,7,7,0.990462067875941,0.00999999999999979,0
9,5,7,8,0.960759544006489,0.0200000000000014,0
9,5,7,9,1.03880669910966,0,0
9,5,7,10,0.953307464702081,0.0200000000000014,0
9,5,8,4,0.97008944277511,0,0
9,5,8,5,0.971997930967735,0,0
9,5,8,6,1.00231623892157,0,0
9,5,8,7,0.963021586770549,0,0
9,5,8,8,0.992544821101,0.00999999999999979,0
9,5,8,9,1.02799657836132,0.00999999999999979,0
9,5,8,10,1.04756119273042,0,0
9,5,9,4,0.989074755023043,0.0200000000000014,0
9,5,9,5,0.973013401232994,0.0199999999999996,0
9,5,9,6,0.980879650885982,0,0
9,5,9,7,0.969206217067183,0.0199999999999996,0
9,5,9,8,1.01695745672756,0.00999999999999979,0
9,5,9,9,0.96065114945193,0.0200000000000014,0
9,5,9,10,1.02497653518626,0,0
9,5,10,4,0.987428294352034,0,0
9,5,10,5,0.98514250028971,0,0
9,5,10,6,1.00982920398767,0.0199999999999996,0
9,5,10,7,0.998042784905027,0,0
9,5,10,8,1.0280116795037,0.0199999999999996,0
9,5,10,9,1.01712747175902,0.00999999999999979,0
9,5,10,10,1.0715811153503,0,0
9,6,4,4,0.923509285420984,0,0
9,6,4,5,0.947297680953869,0.0199999999999996,0
9,6,4,6,0.967938352448609,0.0199999999999996,0
9,6,4,7,0.960182626289973,0,0
9,6,4,8,0.965667413043631,0,0
9,6,4,9,0.993799645668845,0,0
9,6,4,10,0.990986953834082,0.0200000000000014,0
9,6,5,4,0.971487716682417,0.00999999999999979,0
9,6,5,5,0.960604871528728,0.00999999999999979,0
9,6,5,6,0.922667775053064,0.00999999999999979,0
9,6,5,7,0.939320110127537,0,0
9,6,5,8,0.969294628160778,0,0
9,6,5,9,0.956662174468397,0.00999999999999979,0
9,6,5,10,0.964239748638987,0.0200000000000014,0
9,6,6,4,0.915552068639314,0,0
9,6,6,5,0.933865039878796,0,0
9,6,6,6,0.96432716627245,0,0
9,6,6,7,0.952999752850021,0.0199999999999996,0
9,6,6,8,0.968233551569343,0,0
9,6,6,9,0.956066925322761,0.0200000000000014,0
9,6,6,10,0.972204212119219,0.00999999999999979,0
9,6,7,4,0.97227735729813,0,0
9,6,7,5,0.989741904595241,0,0
9,6,7,6,0.966255084164857,0.0199999999999996,0
9,6,7,7,0.965300190899846,0.00999999999999979,0
9,6,7,8,0.956345826452315,0.0199999999999996,0
9,6,7,9,0.95296481814612,0,0
9,6,7,10,0.915951140226277,0,0
9,6,8,4,0.962350129693787,0,0
9,6,8,5,0.99371686124936,0.00999999999999979,0
9,6,8,6,0.965650094909114,0.0199999999999996,0
9,6,8,7,0.948560453653049,0.0200000000000014,0
9,6,8,8,0.972976194370239,0,0
9,6,8,9,1.15091832146254,0,0
9,6,8,10,1.10282398170013,0.00999999999999979,0
9,6,9,4,0.959589775415054,0.0200000000000014,0
9,6,9,5,0.961423793614795,0.00999999999999979,0
9,6,9,6,0.906404485475351,0.0199999999999996,0
9,6,9,7,0.954591649055121,0.0199999999999996,0
9,6,9,8,0.963280085731315,0.0199999999999996,0
9,6,9,9,0.935327659415469,0.0100000000000016,0
9,6,9,10,0.917801171755343,0.00999999999999979,0
9,6,10,4,0.966446825427926,0.0199999999999996,0
9,6,10,5,0.971382716425865,0,0
9,6,10,6,0.970271717536315,0.0199999999999996,0
9,6,10,7,0.991671608132911,0.0199999999999996,0
9,6,10,8,0.980694992476921,0.0199999999999996,0
9,6,10,9,0.925271369083172,0.0199999999999996,0
9,6,10,10,0.98455190648479,0.0199999999999996,0
9,7,4,4,0.968588721417339,0.0200000000000014,0
9,7,4,5,0.971152742777928,0.0200000000000014,0
9,7,4,6,0.919709312538719,0.0199999999999996,0
9,7,4,7,0.974930019638103,0.00999999999999979,0
9,7,4,8,0.967239423934104,0.0199999999999996,0
9,7,4,9,0.958909172744338,0.00999999999999979,0
9,7,4,10,0.964276686670009,0,0
9,7,5,4,0.903235841242153,0,0
9,7,5,5,0.972865435856894,0.0200000000000014,0
9,7,5,6,0.977108299425909,0,0
9,7,5,7,0.979206239935031,0,0
9,7,5,8,0.971347364050646,0.0199999999999996,0
9,7,5,9,0.993778023875907,0.00999999999999979,0
9,7,5,10,1.00290073351831,0.0199999999999996,0
9,7,6,4,0.962620661825997,0.00999999999999979,0
9,7,6,5,0.96360396372859,0.0200000000000014,0
9,7,6,6,0.970240540882893,0.00999999999999979,0
9,7,6,7,0.971110613649073,0,0
9,7,6,8,0.95361876934094,0,0
9,7,6,9,0.981535093769817,0.0199999999999996,0
9,7,6,10,0.975500235259334,0,0
9,7,7,4,0.971600438235114,0,0
9,7,7,5,0.992747503868261,0,0
9,7,7,6,0.960811536250166,0,0
9,7,7,7,0.958893844240394,0,0
9,7,7,8,0.987122183060567,0.00999999999999979,0
9,7,7,9,1.0089382248553,0.0199999999999996,0
9,7,7,10,0.89402489831849,0.0200000000000014,0
9,7,8,4,0.966654434921045,0,0
9,7,8,5,1.02296438236696,0.0199999999999996,0
9,7,8,6,0.974608018546414,0.00999999999999979,0
9,7,8,7,0.908246850228212,0.00999999999999979,0
9,7,8,8,0.995073747359257,0,0
9,7,8,9,0.93596980969913,0,0
9,7,8,10,0.966574857725524,0,0
9,7,9,4,0.945104154343405,0.0100000000000016,0
9,7,9,5,0.967617446422304,0.0199999999999996,0
9,7,9,6,0.937977456356094,0.00999999999999979,0
9,7,9,7,0.920650725744324,0.0199999999999996,0
9,7,9,8,0.91263653922172,0,0
9,7,9,9,0.973901248565693,0.00999999999999979,0
9,7,9,10,0.980532502368644,0.0199999999999996,0
9,7,10,4,0.953544773491954,0.0100000000000016,0
9,7,10,5,0.966482803977755,0.0200000000000014,0
9,7,10,6,0.947750552174414,0.00999999999999979,0
9,7,10,7,0.933226721039704,0.0200000000000014,0
9,7,10,8,0.993323787527089,0.0199999999999996,0
9,7,10,9,0.958658155810175,0.0199999999999996,0
9,7,10,10,0.905523481583238,0.00999999999999979,0
9,8,4,4,0.955540142515172,0.00999999999999979,0
9,8,4,5,0.96913182103067,0.00999999999999979,0
9,8,4,6,0.944328997654258,0.0199999999999996,0
9,8,4,7,0.961834599452427,0.0200000000000014,0
9,8,4,8,0.974683480394215,0.0199999999999996,0
9,8,4,9,0.955304013702206,0.0199999999999996,0
9,8,4,10,0.932924221011255,0.00999999999999979,0
9,8,5,4,0.968407534448625,0.0199999999999996,0
9,8,5,5,0.969395067955415,0.0199999999999996,0
9,8,5,6,0.984057214384588,0.0200000000000014,0
9,8,5,7,0.965265677621909,0.00999999999999979,0
9,8,5,8,0.984984763366882,0,0
9,8,5,9,0.908002024582166,0,0
9,8,5,10,0.952395984412508,0,0
9,8,6,4,0.968967351058067,0.0199999999999996,0
9,8,6,5,1.02915301338539,0.0199999999999996,0
9,8,6,6,0.99119414045005,0.00999999999999979,0
9,8,6,7,0.991491874073314,0.00999999999999979,0
9,8,6,8,0.948695586072354,0.00999999999999979,0
9,8,6,9,0.9702732277992,0.0200000000000014,0
9,8,6,10,0.952424983441958,0.0199999999999996,0
9,8,7,4,0.966493501921589,0.00999999999999979,0
9,8,7,5,0.987079554506848,0.0199999999999996,0
9,8,7,6,0.958298543848082,0,0
9,8,7,7,0.98244624613597,0,0
9,8,7,8,1.08349593865986,0.00999999999999979,0
9,8,7,9,1.09334635916338,0.00999999999999979,0
9,8,7,10,0.954048288017427,0,0
9,8,8,4,0.96353291439374,0.0199999999999996,0
9,8,8,5,0.887333676241189,0.0100000000000016,0
9,8,8,6,0.957195752266858,0.0199999999999996,0
9,8,8,7,0.857501422286971,0.00999999999999979,0
9,8,8,8,0.964928727494202,0.0100000000000016,0
9,8,8,9,0.918704889302133,0.0200000000000014,0
9,8,8,10,1.01949193763581,0,0
9,8,9,4,0.948214847647375,0,0
9,8,9,5,0.913122977292943,0.0199999999999996,0
9,8,9,6,0.905664257472908,0.0100000000000016,0
9,8,9,7,0.985274373299654,0,0
9,8,9,8,0.963729971334092,0.0199999999999996,0
9,8,9,9,0.927294892583321,0.0200000000000014,0
9,8,9,10,0.978886733289622,0.00999999999999979,0
9,8,10,4,0.940684521439683,0.00999999999999979,0
9,8,10,5,0.968214832293934,0.0199999999999996,0
9,8,10,6,0.96499877603914,0,0
9,8,10,7,0.970966318894117,0,0
9,8,10,8,0.842124561070263,0,0
9,8,10,9,0.958667347363507,0.0200000000000014,0
9,8,10,10,0.921453635730836,0.0199999999999996,0
9,9,4,4,0.987752972610284,0,0
9,9,4,5,0.978601667608021,0.00999999999999979,0
9,9,4,6,0.970114175123615,0.0199999999999996,0
9,9,4,7,0.979998970775173,0.0199999999999996,0
9,9,4,8,0.956134806039198,0.0199999999999996,0
9,9,4,9,1.02444419772556,0.0200000000000014,0
9,9,4,10,1.1579087823772,0.0200000000000014,0
9,9,5,4,0.976121456291722,0.0199999999999996,0
9,9,5,5,0.970118885654572,0.0199999999999996,0
9,9,5,6,0.971032396972908,0.0199999999999996,0
9,9,5,7,0.942404919941546,0,0
9,9,5,8,0.921364129716285,0,0
9,9,5,9,0.954133648291691,0,0
9,9,5,10,0.961294454257968,0.0200000000000014,0
9,9,6,4,1.00871668453911,0.00999999999999979,0
9,9,6,5,0.965619061343833,0.0199999999999996,0
9,9,6,6,0.968017210574485,0.00999999999999979,0
9,9,6,7,0.965535627880554,0.0199999999999996,0
9,9,6,8,0.952495150289138,0,0
9,9,6,9,0.918095343413148,0.0199999999999996,0
9,9,6,10,0.987777954334473,0,0
9,9,7,4,0.970752315284537,0.00999999999999979,0
9,9,7,5,0.975587641328111,0,0
9,9,7,6,0.991443116034762,0,0
9,9,7,7,0.99596619220363,0.0199999999999996,0
9,9,7,8,0.978644129602575,0.0199999999999996,0
9,9,7,9,0.964814638188326,0.00999999999999979,0
9,9,7,10,0.983013940656517,0,0
9,9,8,4,0.956035793825489,0.00999999999999979,0
9,9,8,5,1.0478510693974,0.00999999999999979,0
9,9,8,6,0.989391538316903,0.0199999999999996,0
9,9,8,7,0.974999426314326,0.0199999999999996,0
9,9,8,8,0.973973875291197,0,0
9,9,8,9,0.956507738262138,0,0
9,9,8,10,0.902343388094199,0.0100000000000016,0
9,9,9,4,0.902170336929219,0.0200000000000014,0
9,9,9,5,0.927610827379708,0.00999999999999979,0
9,9,9,6,0.986719410074958,0.00999999999999979,0
9,9,9,7,0.971222596895327,0.00999999999999979,0
9,9,9,8,1.00818187726007,0.0100000000000016,0
9,9,9,9,0.970444699507067,0.0199999999999996,0
9,9,9,10,1.02008213518083,0.00999999999999979,0
9,9,10,4,0.982532210850817,0.0199999999999996,0
9,9,10,5,0.973082819614688,0,0
9,9,10,6,0.995635470907868,0.00999999999999979,0
9,9,10,7,0.943935309563767,0.0199999999999996,0
9,9,10,8,1.20867200439261,0.0199999999999996,0
9,9,10,9,0.971098710740071,0.0200000000000014,0
9,9,10,10,1.04363520772733,0.0200000000000014,0
9,10,4,4,0.957708144244168,0.0199999999999996,0
9,10,4,5,0.96278307897057,0.00999999999999979,0
9,10,4,6,0.974342297063044,0.0200000000000014,0
9,10,4,7,0.945383509616098,0,0
9,10,4,8,0.970285625430699,0.00999999999999979,0
9,10,4,9,0.904716414599837,0,0
9,10,4,10,0.917532313745383,0.00999999999999979,0
9,10,5,4,0.954799088939024,0.0199999999999996,0
9,10,5,5,0.967791127728189,0,0
9,10,5,6,0.952824949297194,0,0
9,10,5,7,1.01689165304612,0.0199999999999996,0
9,10,5,8,0.928181290520091,0.0199999999999996,0
9,10,5,9,1.184263747438,0.0199999999999996,0
9,10,5,10,1.33317377065122,0.0199999999999996,0
9,10,6,4,0.928525268758279,0.0200000000000014,0
9,10,6,5,0.996258328000875,0.00999999999999979,0
9,10,6,6,0.908438581613126,0,0
9,10,6,7,0.981002002470896,0.0199999999999996,0
9,10,6,8,0.951538575684143,0.00999999999999979,0
9,10,6,9,0.968690043140519,0.0199999999999996,0
9,10,6,10,0.962804437583146,0.00999999999999979,0
9,10,7,4,0.976209175191563,0.00999999999999979,0
9,10,7,5,0.939924881185237,0.0199999999999996,0
9,10,7,6,0.94121649687719,0.00999999999999979,0
9,10,7,7,0.945655849754452,0.00999999999999979,0
9,10,7,8,0.930364705045671,0.0199999999999996,0
9,10,7,9,0.926057817008386,0.0199999999999996,0
9,10,7,10,1.06969959198926,0,0
9,10,8,4,0.968056821817206,0.0200000000000014,0
9,10,8,5,0.97082629394744,0.0100000000000016,0
9,10,8,6,0.969274262673685,0.0200000000000014,0
9,10,8,7,0.94515492451582,0.00999999999999979,0
9,10,8,8,0.964485570957508,0.00999999999999979,0
9,10,8,9,0.883639848141316,0.0199999999999996,0
9,10,8,10,0.915253347810304,0.00999999999999979,0
9,10,9,4,0.957197917805774,0.0100000000000016,0
9,10,9,5,0.965494067609557,0.00999999999999979,0
9,10,9,6,0.973430165698096,0.0200000000000014,0
9,10,9,7,0.969541138682806,0,0
9,10,9,8,0.959287472137832,0,0
9,10,9,9,0.914377698805601,0.0199999999999996,0
9,10,9,10,1.03508618002118,0,0
9,10,10,4,0.953369769617551,0.00999999999999979,0
9,10,10,5,0.967015240496663,0.0200000000000014,0
9,10,10,6,0.979062079056654,0.00999999999999979,0
9,10,10,7,0.976112394343136,0.0199999999999996,0
9,10,10,8,0.972608767369193,0.0200000000000014,0
9,10,10,9,1.03037904095054,0,0
9,10,10,10,0.928246641384499,0.0199999999999996,0
10,4,4,4,0.992750422133189,0,0
10,4,4,5,0.954479656551576,0,0
10,4,4,6,0.937656119482977,0.0199999999999996,0
10,4,4,7,0.94543785080399,0,0
10,4,4,8,0.951824930293214,0,0
10,4,4,9,0.910285215555043,0.0199999999999996,0
10,4,4,10,0.937653965132233,0,0
10,4,5,4,0.952144628821678,0,0
10,4,5,5,0.924049890560723,0,0
10,4,5,6,0.963020751321451,0.00999999999999979,0
10,4,5,7,0.953971236607489,0.0199999999999996,0
10,4,5,8,0.946508405542269,0.00999999999999979,0
10,4,5,9,0.953731285897857,0.0199999999999996,0
10,4,5,10,0.934869355323785,0.00999999999999979,0
10,4,6,4,0.951983555638027,0,0
10,4,6,5,1.0101029642494,0,0
10,4,6,6,0.95797113129115,0.00999999999999979,0
10,4,6,7,0.860102671308594,0.0199999999999996,0
10,4,6,8,0.947251551236787,0.0199999999999996,0
10,4,6,9,0.953126311037731,0,0
10,4,6,10,1.01872442774723,0.0100000000000016,0
10,4,7,4,0.951127246913278,0.0199999999999996,0
10,4,7,5,0.967879781546209,0.00999999999999979,0
10,4,7,6,1.01822135848892,0.00999999999999979,0
10,4,7,7,0.97612883066057,0.0100000000000016,0
10,4,7,8,0.980160851588118,0.0199999999999996,0
10,4,7,9,0.931916219406559,0,0
10,4,7,10,0.93255542724227,0.00999999999999979,0
10,4,8,4,0.96673156498474,0,0
10,4,8,5,0.909179708037162,0.0100000000000016,0
10,4,8,6,0.932420515138071,0.00999999999999979,0
10,4,8,7,0.95259393908404,0.0199999999999996,0
10,4,8,8,0.903063832200118,0.0200000000000014,0
10,4,8,9,0.926736726767982,0.00999999999999979,0
10,4,8,10,0.858675257104216,0,0
10,4,9,4,0.915182208863738,0.00999999999999979,0
10,4,9,5,0.978899772718661,0.0199999999999996,0
10,4,9,6,0.950545382611889,0,0
10,4,9,7,0.969496778458322,0.0200000000000014,0
10,4,9,8,0.859996073679831,0.00999999999999979,0
10,4,9,9,0.947857664669409,0,0
10,4,9,10,1.0406869419665,0.0199999999999996,0
10,4,10,4,0.962437730200546,0,0
10,4,10,5,0.971932710475151,0.0199999999999996,0
10,4,10,6,0.965654916983931,0.0200000000000014,0
10,4,10,7,1.0114220893632,0.00999999999999979,0
10,4,10,8,0.947580673477078,0.00999999999999979,0
10,4,10,9,0.857703132216943,0.0199999999999996,0
10,4,10,10,0.858163474609713,0,0
10,5,4,4,0.913833694176205,0,0
10,5,4,5,0.88922174742803,0.00999999999999979,0
10,5,4,6,0.925275192208211,0,0
10,5,4,7,0.971859270912203,0.0199999999999996,0
10,5,4,8,0.978407645469456,0,0
10,5,4,9,0.928850458690993,0,0
10,5,4,10,0.867518366406605,0.0199999999999996,0
10,5,5,4,0.939481936123496,0,0
10,5,5,5,0.965788240891076,0.0199999999999996,0
10,5,5,6,0.922121815215667,0.00999999999999979,0
10,5,5,7,0.864074587384197,0,0
10,5,5,8,0.912283098806642,0,0
10,5,5,9,0.84549658678575,0.0199999999999996,0
10,5,5,10,0.976241407051808,0,0
10,5,6,4,0.974567937555326,0.00999999999999979,0
10,5,6,5,0.869023211465561,0,0
10,5,6,6,0.969640181046665,0,0
10,5,6,7,0.922198890345273,0.00999999999999979,0
10,5,6,8,0.943285489647713,0,0
10,5,6,9,0.93493405246429,0.0199999999999996,0
10,5,6,10,0.96614543782626,0.0100000000000016,0
10,5,7,4,0.967361464192369,0.0200000000000014,0
10,5,7,5,1.01083382700433,0.0200000000000014,0
10,5,7,6,0.980865813697886,0.0199999999999996,0
10,5,7,7,0.988398875855664,0,0
10,5,7,8,0.957833707818727,0.0100000000000016,0
10,5,7,9,1.02422453402874,0.00999999999999979,0
10,5,7,10,0.980955577844502,0.00999999999999979,0
10,5,8,4,0.968787013860238,0,0
10,5,8,5,0.963326075831856,0,0
10,5,8,6,0.899221189243138,0.00999999999999979,0
10,5,8,7,1.435771356098,0.0199999999999996,0
10,5,8,8,0.80958697647374,0.0199999999999996,0
10,5,8,9,1.05520336016178,0.0199999999999996,0
10,5,8,10,0.781180750979792,0.00999999999999979,0
10,5,9,4,0.969302958025019,0,0
10,5,9,5,0.897730461343603,0.0199999999999996,0
10,5,9,6,1.32427509702756,0.00999999999999979,0
10,5,9,7,0.99397055859561,0,0
10,5,9,8,0.833785187956739,0,0
10,5,9,9,1.17809280713455,0,0
10,5,9,10,1.12338106568546,0.00999999999999979,0
10,5,10,4,0.965268509204059,0.00999999999999979,0
10,5,10,5,1.10820564085776,0.00999999999999979,0
10,5,10,6,0.977636266562993,0.0199999999999996,0
10,5,10,7,1.02361695483499,0,0
10,5,10,8,0.829280731131548,0.00999999999999979,0
10,5,10,9,0.828746039990085,0.0199999999999996,0
10,5,10,10,0.95643183081944,0.0199999999999996,0
10,6,4,4,0.974522291782625,0.0200000000000014,0
10,6,4,5,0.968304108389669,0,0
10,6,4,6,1.07049947650123,0.0199999999999996,0
10,6,4,7,1.03721698087748,0.0199999999999996,0
10,6,4,8,0.960952426577197,0.0199999999999996,0
10,6,4,9,0.939519187196534,0.0199999999999996,0
10,6,4,10,0.983211692972605,0,0
10,6,5,4,1.00377164904504,0,0
10,6,5,5,0.89224628913536,0.0100000000000016,0
10,6,5,6,1.03029932796216,0.00999999999999979,0
10,6,5,7,0.986260993487185,0.0199999999999996,0
10,6,5,8,0.945722044907331,0.0199999999999996,0
10,6,5,9,1.03545265972691,0,0
10,6,5,10,1.03113972246913,0.00999999999999979,0
10,6,6,4,0.96850601943168,0.0200000000000014,0
10,6,6,5,0.961023143504449,0.0200000000000014,0
10,6,6,6,1.00486402641698,0.0199999999999996,0
10,6,6,7,0.968940823634743,0.0100000000000016,0
10,6,6,8,0.983959605004169,0.0100000000000016,0
10,6,6,9,0.804373056041394,0.0199999999999996,0
10,6,6,10,1.04577328731335,0.00999999999999979,0
10,6,7,4,0.964594099519661,0,0
10,6,7,5,0.959338582064492,0.00999999999999979,0
10,6,7,6,0.947417875841753,0.0200000000000014,0
10,6,7,7,0.911989351933253,0.00999999999999979,0
10,6,7,8,0.965591579009002,0.0199999999999996,0
10,6,7,9,0.804512861676771,0.00999999999999979,0
10,6,7,10,1.06881805440559,0,0
10,6,8,4,0.972923706568567,0,0
10,6,8,5,0.991902518221618,0,0
10,6,8,6,0.954024930600036,0.0199999999999996,0
10,6,8,7,1.0185136880586,0,0
10,6,8,8,0.967468279628025,0.00999999999999979,0
10,6,8,9,0.932783011665424,0.00999999999999979,0
10,6,8,10,0.951619674165052,0,0
10,6,9,4,0.930123380630978,0.0199999999999996,0
10,6,9,5,0.967472585384252,0.00999999999999979,0
10,6,9,6,0.965381626079117,0.00999999999999979,0
10,6,9,7,0.882383998674984,0.0199999999999996,0
10,6,9,8,1.20199421087469,0,0
10,6,9,9,0.904363622500671,0.00999999999999979,0
10,6,9,10,0.968035575604183,0.00999999999999979,0
10,6,10,4,0.972220483804385,0,0
10,6,10,5,1.0412496120952,0,0
10,6,10,6,1.12897220532451,0,0
10,6,10,7,0.950844086995394,0,0
10,6,10,8,0.995952262830109,0.0199999999999996,0
10,6,10,9,0.946434222497862,0.0199999999999996,0
10,6,10,10,1.02751350802067,0.0199999999999996,0
10,7,4,4,0.958408977404532,0,0
10,7,4,5,0.969269288335847,0.0199999999999996,0
10,7,4,6,0.960375061958581,0.0199999999999996,0
10,7,4,7,0.905287530866204,0.0100000000000016,0
10,7,4,8,0.973544937087477,0.0200000000000014,0
10,7,4,9,0.938553381770029,0,0
10,7,4,10,0.942594608541374,0.0199999999999996,0
10,7,5,4,1.08204465484214,0,0
10,7,5,5,0.958991222414921,0.00999999999999979,0
10,7,5,6,0.968887551860828,0,0
10,7,5,7,0.80398649716275,0.0200000000000014,0
10,7,5,8,0.99652344569563,0,0
10,7,5,9,0.987434964441805,0,0
10,7,5,10,0.969849624324927,0.0199999999999996,0
10,7,6,4,0.969567655305385,0.0199999999999996,0
10,7,6,5,0.967948020167099,0.0199999999999996,0
10,7,6,6,0.785476474926464,0,0
10,7,6,7,0.886662048893846,0.0200000000000014,0
10,7,6,8,0.952903718847082,0,0
10,7,6,9,0.837090448854241,0.00999999999999979,0
10,7,6,10,0.999814942508778,0,0
10,7,7,4,0.949180599926076,0.0199999999999996,0
10,7,7,5,1.04423660804138,0.00999999999999979,0
10,7,7,6,0.920203687423747,0.0199999999999996,0
10,7,7,7,0.809275008344831,0.00999999999999979,0
10,7,7,8,0.849383042018097,0.00999999999999979,0
10,7,7,9,0.836773003878317,0.0199999999999996,0
10,7,7,10,0.948739207430619,0.0200000000000014,0
10,7,8,4,0.962472780267544,0.0199999999999996,0
10,7,8,5,0.946484732823328,0,0
10,7,8,6,0.81410786786146,0.0199999999999996,0
10,7,8,7,1.18393309036655,0,0
10,7,8,8,0.913860706492216,0.00999999999999979,0
10,7,8,9,1.05149491675661,0.0199999999999996,0
10,7,8,10,0.986497597843368,0.0199999999999996,0
10,7,9,4,0.915707721065033,0.00999999999999979,0
10,7,9,5,0.939358907731414,0.00999999999999979,0
10,7,9,6,0.818124145435518,0.0199999999999996,0
10,7,9,7,0.934079570685748,0.00999999999999979,0
10,7,9,8,0.933068149342437,0.00999999999999979,0
10,7,9,9,0.967645124700592,0.00999999999999979,0
10,7,9,10,0.895814544486814,0.0199999999999996,0
10,7,10,4,0.902922500568085,0,0
10,7,10,5,0.889339094807894,0,0
10,7,10,6,0.800965453003465,0.0199999999999996,0
10,7,10,7,0.922987712039814,0.00999999999999979,0
10,7,10,8,0.938727196533114,0.0200000000000014,0
10,7,10,9,0.780040874270947,0.0100000000000016,0
10,7,10,10,0.846359636193601,0.00999999999999979,0
10,8,4,4,0.983198729710649,0.0199999999999996,0
10,8,4,5,0.973440060930644,0.0199999999999996,0
10,8,4,6,0.984562330307039,0.0199999999999996,0
10,8,4,7,1.02322392120321,0.00999999999999979,0
10,8,4,8,1.04343502713753,0.0100000000000016,0
10,8,4,9,1.01563584554173,0,0
10,8,4,10,1.15735506295846,0.0200000000000014,0
10,8,5,4,0.982834566691891,0.0100000000000016,0
10,8,5,5,0.968497253744389,0.0199999999999996,0
10,8,5,6,1.13108577215638,0.0199999999999996,0
10,8,5,7,0.886879855370078,0,0
10,8,5,8,0.976746626102256,0,0
10,8,5,9,1.00273700233068,0.0200000000000014,0
10,8,5,10,1.02167799384344,0,0
10,8,6,4,0.967924174192259,0,0
10,8,6,5,0.986844355264704,0.0199999999999996,0
10,8,6,6,0.936175774054954,0,0
10,8,6,7,1.14289160536567,0.0199999999999996,0
10,8,6,8,0.974695206295389,0.0199999999999996,0
10,8,6,9,1.16389963613451,0.00999999999999979,0
10,8,6,10,1.05875610413735,0,0
10,8,7,4,0.953225603061481,0,0
10,8,7,5,0.92177015109506,0,0
10,8,7,6,0.921305301240084,0.0199999999999996,0
10,8,7,7,0.849530049339804,0.0200000000000014,0
10,8,7,8,1.14872824495312,0.0199999999999996,0
10,8,7,9,1.07801399130551,0.0199999999999996,0
10,8,7,10,0.919671693928891,0,0
10,8,8,4,0.904887100981234,0.00999999999999979,0
10,8,8,5,0.93936738642406,0.0199999999999996,0
10,8,8,6,0.903122494191677,0.00999999999999979,0
10,8,8,7,0.943467257009824,0,0
10,8,8,8,0.805218123361676,0.00999999999999979,0
10,8,8,9,0.943985814988529,0.00999999999999979,0
10,8,8,10,0.987920708949546,0.00999999999999979,0
10,8,9,4,0.919612268001108,0.0199999999999996,0
10,8,9,5,0.977148910169023,0.00999999999999979,0
10,8,9,6,0.973577845067739,0.00999999999999979,0
10,8,9,7,0.965893277601689,0.0100000000000016,0
10,8,9,8,0.885311629539087,0.0199999999999996,0
10,8,9,9,0.967280973403161,0.00999999999999979,0
10,8,9,10,0.962281908281077,0.0200000000000014,0
10,8,10,4,0.975936083824383,0.0100000000000016,0
10,8,10,5,1.04963596269955,0.00999999999999979,0
10,8,10,6,0.955652964458867,0.0199999999999996,0
10,8,10,7,0.973997627589483,0.0199999999999996,0
10,8,10,8,0.97245310289346,0.00999999999999979,0
10,8,10,9,0.913669602864429,0.0199999999999996,0
10,8,10,10,0.998529561688884,0.0100000000000016,0
10,9,4,4,1.02770349517234,0,0
10,9,4,5,0.97952558944391,0.0100000000000016,0
10,9,4,6,0.997130710802469,0.0200000000000014,0
10,9,4,7,0.99880111467627,0,0
10,9,4,8,0.957476355213235,0.0199999999999996,0
10,9,4,9,1.01472464831281,0.0199999999999996,0
10,9,4,10,1.03724324046943,0.0199999999999996,0
10,9,5,4,1.01472804289645,0.0200000000000014,0
10,9,5,5,0.975214552037053,0.00999999999999979,0
10,9,5,6,0.987633690966628,0.0200000000000014,0
10,9,5,7,1.06831295141894,0.0199999999999996,0
10,9,5,8,1.02225020116647,0.0199999999999996,0
10,9,5,9,0.936360364682236,0.0199999999999996,0
10,9,5,10,0.93054843208989,0.0199999999999996,0
10,9,6,4,1.01456736552069,0.00999999999999979,0
10,9,6,5,0.955265354981923,0.0200000000000014,0
10,9,6,6,1.01227331307837,0.0199999999999996,0
10,9,6,7,0.947910418580384,0.0200000000000014,0
10,9,6,8,0.82069868194834,0.00999999999999979,0
10,9,6,9,0.903416470508412,0.0199999999999996,0
10,9,6,10,0.964201113515841,0,0
10,9,7,4,0.923115309342706,0.00999999999999979,0
10,9,7,5,0.996798642127112,0.0199999999999996,0
10,9,7,6,0.971781379824434,0.0199999999999996,0
10,9,7,7,0.962396418821001,0.00999999999999979,0
10,9,7,8,0.908418954180677,0.00999999999999979,0
10,9,7,9,0.91902313618906,0.0199999999999996,0
10,9,7,10,0.965400105771229,0.00999999999999979,0
10,9,8,4,1.03485550899413,0,0
10,9,8,5,0.983185794658075,0.00999999999999979,0
10,9,8,6,1.02593184825149,0.00999999999999979,0
10,9,8,7,0.979945820080557,0.00999999999999979,0
10,9,8,8,1.06064114958203,0.0100000000000016,0
10,9,8,9,0.983707936542841,0.00999999999999979,0
10,9,8,10,1.0967404882628,0.00999999999999979,0
10,9,9,4,0.970680892255696,0.0199999999999996,0
10,9,9,5,0.967402303618323,0.0200000000000014,0
10,9,9,6,1.11108581776957,0,0
10,9,9,7,0.971258890480078,0.0100000000000016,0
10,9,9,8,0.985543479307997,0.00999999999999979,0
10,9,9,9,1.02727807947689,0.0199999999999996,0
10,9,9,10,0.965318169607237,0.0199999999999996,0
10,9,10,4,0.96933921441519,0.0199999999999996,0
10,9,10,5,0.85093220457239,0.0199999999999996,0
10,9,10,6,0.950887279875448,0.0100000000000016,0
10,9,10,7,1.02180451647645,0.0100000000000016,0
10,9,10,8,0.973236905848183,0.0200000000000014,0
10,9,10,9,0.930041103883982,0.0199999999999996,0
10,9,10,10,0.934555900798315,0.0199999999999996,0
10,10,4,4,0.938519277035032,0.0199999999999996,0
10,10,4,5,0.970490045640528,0,0
10,10,4,6,0.935657788686759,0.0200000000000014,0
10,10,4,7,0.919247722257557,0.0199999999999996,0
10,10,4,8,1.01800541411968,0.0200000000000014,0
10,10,4,9,0.885645951321424,0.0199999999999996,0
10,10,4,10,0.90819288119234,0.0199999999999996,0
10,10,5,4,1.02970259326868,0.0199999999999996,0
10,10,5,5,1.01772134947711,0.0199999999999996,0
10,10,5,6,1.03412281528674,0.0200000000000014,0
10,10,5,7,1.00915322024262,0.00999999999999979,0
10,10,5,8,1.04137650336223,0.0199999999999996,0
10,10,5,9,1.08263457054131,0,0
10,10,5,10,0.972345284243611,0.0199999999999996,0
10,10,6,4,0.904660298297778,0.0300000000000011,0
10,10,6,5,0.994136062551146,0.0199999999999996,0
10,10,6,6,0.96322507009801,0.0199999999999996,0
10,10,6,7,0.941934611868714,0.00999999999999979,0
10,10,6,8,0.927858514680681,0.0199999999999996,0
10,10,6,9,0.977486314092427,0,0
10,10,6,10,0.895448542493597,0.0199999999999996,0
10,10,7,4,0.825746316559985,0.00999999999999979,0
10,10,7,5,0.898055306749137,0.00999999999999979,0
10,10,7,6,0.954552199394794,0,0
10,10,7,7,0.957413601035614,0.00999999999999979,0
10,10,7,8,0.925064579083755,0.0199999999999996,0
10,10,7,9,0.922978802067707,0.00999999999999979,0
10,10,7,10,0.975513234028711,0,0
10,10,8,4,0.955389825550773,0.0100000000000016,0
10,10,8,5,0.969291381904266,0.00999999999999979,0
10,10,8,6,0.907283099572597,0.00999999999999979,0
10,10,8,7,0.972339640653857,0.0200000000000014,0
10,10,8,8,0.925298196166161,0.00999999999999979,0
10,10,8,9,1.04747639055102,0.0100000000000016,0
10,10,8,10,0.93391367602537,0.00999999999999979,0
10,10,9,4,0.962872658389482,0.0199999999999996,0
10,10,9,5,0.976151348901926,0.00999999999999979,0
10,10,9,6,0.987058682559576,0.0199999999999996,0
10,10,9,7,1.04760984168201,0.0199999999999996,0
10,10,9,8,0.968140900511252,0.0199999999999996,0
10,10,9,9,0.823763073147388,0.0100000000000016,0
10,10,9,10,1.19346295270215,0.00999999999999979,0
10,10,10,4,0.968907277203169,0.00999999999999979,0
10,10,10,5,0.939975663962786,0.0199999999999996,0
10,10,10,6,0.97468918137754,0,0
10,10,10,7,0.955839595523961,0.00999999999999979,0
10,10,10,8,1.44506079730884,0.00999999999999979,0
10,10,10,9,0.85862784686718,0,0
10,10,10,10,0.869211144983164,0.0200000000000014,0
